--
-- PostgreSQL database dump
--

-- Dumped from database version 14.17 (Ubuntu 14.17-0ubuntu0.22.04.1)
-- Dumped by pg_dump version 14.17 (Ubuntu 14.17-0ubuntu0.22.04.1)

SET statement_timeout = 0;
SET lock_timeout = 0;
SET idle_in_transaction_session_timeout = 0;
SET client_encoding = 'UTF8';
SET standard_conforming_strings = on;
SELECT pg_catalog.set_config('search_path', '', false);
SET check_function_bodies = false;
SET xmloption = content;
SET client_min_messages = warning;
SET row_security = off;

SET default_tablespace = '';

SET default_table_access_method = heap;

--
-- Name: api_annualupdatereport; Type: TABLE; Schema: public; Owner: neharix
--

CREATE TABLE public.api_annualupdatereport (
    id bigint NOT NULL,
    updated_at timestamp with time zone NOT NULL
);


ALTER TABLE public.api_annualupdatereport OWNER TO neharix;

--
-- Name: api_annualupdatereport_id_seq; Type: SEQUENCE; Schema: public; Owner: neharix
--

ALTER TABLE public.api_annualupdatereport ALTER COLUMN id ADD GENERATED BY DEFAULT AS IDENTITY (
    SEQUENCE NAME public.api_annualupdatereport_id_seq
    START WITH 1
    INCREMENT BY 1
    NO MINVALUE
    NO MAXVALUE
    CACHE 1
);


--
-- Name: api_classificator; Type: TABLE; Schema: public; Owner: neharix
--

CREATE TABLE public.api_classificator (
    id bigint NOT NULL,
    name character varying(500) NOT NULL
);


ALTER TABLE public.api_classificator OWNER TO neharix;

--
-- Name: api_classificator_id_seq; Type: SEQUENCE; Schema: public; Owner: neharix
--

ALTER TABLE public.api_classificator ALTER COLUMN id ADD GENERATED BY DEFAULT AS IDENTITY (
    SEQUENCE NAME public.api_classificator_id_seq
    START WITH 1
    INCREMENT BY 1
    NO MINVALUE
    NO MAXVALUE
    CACHE 1
);


--
-- Name: api_country; Type: TABLE; Schema: public; Owner: neharix
--

CREATE TABLE public.api_country (
    id bigint NOT NULL,
    name character varying(200) NOT NULL
);


ALTER TABLE public.api_country OWNER TO neharix;

--
-- Name: api_country_id_seq; Type: SEQUENCE; Schema: public; Owner: neharix
--

ALTER TABLE public.api_country ALTER COLUMN id ADD GENERATED BY DEFAULT AS IDENTITY (
    SEQUENCE NAME public.api_country_id_seq
    START WITH 1
    INCREMENT BY 1
    NO MINVALUE
    NO MAXVALUE
    CACHE 1
);


--
-- Name: api_degree; Type: TABLE; Schema: public; Owner: neharix
--

CREATE TABLE public.api_degree (
    id bigint NOT NULL,
    name character varying(100) NOT NULL,
    duration integer NOT NULL,
    CONSTRAINT api_degree_duration_check CHECK ((duration >= 0))
);


ALTER TABLE public.api_degree OWNER TO neharix;

--
-- Name: api_degree_id_seq; Type: SEQUENCE; Schema: public; Owner: neharix
--

ALTER TABLE public.api_degree ALTER COLUMN id ADD GENERATED BY DEFAULT AS IDENTITY (
    SEQUENCE NAME public.api_degree_id_seq
    START WITH 1
    INCREMENT BY 1
    NO MINVALUE
    NO MAXVALUE
    CACHE 1
);


--
-- Name: api_department; Type: TABLE; Schema: public; Owner: neharix
--

CREATE TABLE public.api_department (
    id bigint NOT NULL,
    name character varying(500) NOT NULL,
    abbreviation character varying(100) NOT NULL,
    active boolean NOT NULL
);


ALTER TABLE public.api_department OWNER TO neharix;

--
-- Name: api_department_id_seq; Type: SEQUENCE; Schema: public; Owner: neharix
--

ALTER TABLE public.api_department ALTER COLUMN id ADD GENERATED BY DEFAULT AS IDENTITY (
    SEQUENCE NAME public.api_department_id_seq
    START WITH 1
    INCREMENT BY 1
    NO MINVALUE
    NO MAXVALUE
    CACHE 1
);


--
-- Name: api_departmentspecialization; Type: TABLE; Schema: public; Owner: neharix
--

CREATE TABLE public.api_departmentspecialization (
    id bigint NOT NULL,
    faculty_department_id bigint NOT NULL,
    specialization_id bigint NOT NULL
);


ALTER TABLE public.api_departmentspecialization OWNER TO neharix;

--
-- Name: api_departmentspecialization_id_seq; Type: SEQUENCE; Schema: public; Owner: neharix
--

ALTER TABLE public.api_departmentspecialization ALTER COLUMN id ADD GENERATED BY DEFAULT AS IDENTITY (
    SEQUENCE NAME public.api_departmentspecialization_id_seq
    START WITH 1
    INCREMENT BY 1
    NO MINVALUE
    NO MAXVALUE
    CACHE 1
);


--
-- Name: api_diplomareport; Type: TABLE; Schema: public; Owner: neharix
--

CREATE TABLE public.api_diplomareport (
    id bigint NOT NULL,
    two_year_work_off integer NOT NULL,
    died integer NOT NULL,
    went_abroad integer NOT NULL,
    other_reasons integer NOT NULL,
    verdict_date timestamp with time zone,
    verdict character varying(1),
    diploma_request_id bigint NOT NULL,
    request_date timestamp with time zone NOT NULL,
    CONSTRAINT api_diplomareport_died_check CHECK ((died >= 0)),
    CONSTRAINT api_diplomareport_other_reasons_check CHECK ((other_reasons >= 0)),
    CONSTRAINT api_diplomareport_two_year_work_off_check CHECK ((two_year_work_off >= 0)),
    CONSTRAINT api_diplomareport_went_abroad_check CHECK ((went_abroad >= 0))
);


ALTER TABLE public.api_diplomareport OWNER TO neharix;

--
-- Name: api_diplomareport_id_seq; Type: SEQUENCE; Schema: public; Owner: neharix
--

ALTER TABLE public.api_diplomareport ALTER COLUMN id ADD GENERATED BY DEFAULT AS IDENTITY (
    SEQUENCE NAME public.api_diplomareport_id_seq
    START WITH 1
    INCREMENT BY 1
    NO MINVALUE
    NO MAXVALUE
    CACHE 1
);


--
-- Name: api_diplomarequest; Type: TABLE; Schema: public; Owner: neharix
--

CREATE TABLE public.api_diplomarequest (
    id bigint NOT NULL,
    honor_diploma_count integer NOT NULL,
    request_date timestamp with time zone NOT NULL,
    verdict_date timestamp with time zone,
    verdict character varying(1),
    is_obsolete boolean NOT NULL,
    sender_id integer,
    simple_diploma_count integer NOT NULL,
    allowed_until timestamp with time zone,
    CONSTRAINT api_diplomarequest_diploma_count_check CHECK ((honor_diploma_count >= 0)),
    CONSTRAINT api_diplomarequest_simple_diploma_count_check CHECK ((simple_diploma_count >= 0))
);


ALTER TABLE public.api_diplomarequest OWNER TO neharix;

--
-- Name: api_diplomarequest_id_seq; Type: SEQUENCE; Schema: public; Owner: neharix
--

ALTER TABLE public.api_diplomarequest ALTER COLUMN id ADD GENERATED BY DEFAULT AS IDENTITY (
    SEQUENCE NAME public.api_diplomarequest_id_seq
    START WITH 1
    INCREMENT BY 1
    NO MINVALUE
    NO MAXVALUE
    CACHE 1
);


--
-- Name: api_diplomarequest_viewed_by; Type: TABLE; Schema: public; Owner: neharix
--

CREATE TABLE public.api_diplomarequest_viewed_by (
    id bigint NOT NULL,
    diplomarequest_id bigint NOT NULL,
    user_id integer NOT NULL
);


ALTER TABLE public.api_diplomarequest_viewed_by OWNER TO neharix;

--
-- Name: api_diplomarequest_viewed_by_id_seq; Type: SEQUENCE; Schema: public; Owner: neharix
--

ALTER TABLE public.api_diplomarequest_viewed_by ALTER COLUMN id ADD GENERATED BY DEFAULT AS IDENTITY (
    SEQUENCE NAME public.api_diplomarequest_viewed_by_id_seq
    START WITH 1
    INCREMENT BY 1
    NO MINVALUE
    NO MAXVALUE
    CACHE 1
);


--
-- Name: api_diplomarequestaction; Type: TABLE; Schema: public; Owner: neharix
--

CREATE TABLE public.api_diplomarequestaction (
    id bigint NOT NULL,
    verdict_date timestamp with time zone,
    verdict character varying(1),
    diploma_request_id bigint NOT NULL,
    request_date timestamp with time zone NOT NULL,
    update_honor_to integer NOT NULL,
    update_simple_to integer NOT NULL,
    CONSTRAINT api_diplomarequestaction_update_honor_to_check CHECK ((update_honor_to >= 0)),
    CONSTRAINT api_diplomarequestaction_update_simple_to_check CHECK ((update_simple_to >= 0))
);


ALTER TABLE public.api_diplomarequestaction OWNER TO neharix;

--
-- Name: api_diplomarequestaction_id_seq; Type: SEQUENCE; Schema: public; Owner: neharix
--

ALTER TABLE public.api_diplomarequestaction ALTER COLUMN id ADD GENERATED BY DEFAULT AS IDENTITY (
    SEQUENCE NAME public.api_diplomarequestaction_id_seq
    START WITH 1
    INCREMENT BY 1
    NO MINVALUE
    NO MAXVALUE
    CACHE 1
);


--
-- Name: api_expulsionreason; Type: TABLE; Schema: public; Owner: neharix
--

CREATE TABLE public.api_expulsionreason (
    id bigint NOT NULL,
    name character varying(200) NOT NULL
);


ALTER TABLE public.api_expulsionreason OWNER TO neharix;

--
-- Name: api_expulsionreason_id_seq; Type: SEQUENCE; Schema: public; Owner: neharix
--

ALTER TABLE public.api_expulsionreason ALTER COLUMN id ADD GENERATED BY DEFAULT AS IDENTITY (
    SEQUENCE NAME public.api_expulsionreason_id_seq
    START WITH 1
    INCREMENT BY 1
    NO MINVALUE
    NO MAXVALUE
    CACHE 1
);


--
-- Name: api_expulsionrequest; Type: TABLE; Schema: public; Owner: neharix
--

CREATE TABLE public.api_expulsionrequest (
    id bigint NOT NULL,
    request_date timestamp with time zone NOT NULL,
    verdict_date timestamp with time zone,
    verdict character varying(1),
    reason_id bigint,
    student_id bigint NOT NULL,
    detail text NOT NULL,
    is_obsolete boolean NOT NULL,
    sender_id integer
);


ALTER TABLE public.api_expulsionrequest OWNER TO neharix;

--
-- Name: api_expulsionrequest_id_seq; Type: SEQUENCE; Schema: public; Owner: neharix
--

ALTER TABLE public.api_expulsionrequest ALTER COLUMN id ADD GENERATED BY DEFAULT AS IDENTITY (
    SEQUENCE NAME public.api_expulsionrequest_id_seq
    START WITH 1
    INCREMENT BY 1
    NO MINVALUE
    NO MAXVALUE
    CACHE 1
);


--
-- Name: api_expulsionrequest_viewed_by; Type: TABLE; Schema: public; Owner: neharix
--

CREATE TABLE public.api_expulsionrequest_viewed_by (
    id bigint NOT NULL,
    expulsionrequest_id bigint NOT NULL,
    user_id integer NOT NULL
);


ALTER TABLE public.api_expulsionrequest_viewed_by OWNER TO neharix;

--
-- Name: api_expulsionrequest_viewed_by_id_seq; Type: SEQUENCE; Schema: public; Owner: neharix
--

ALTER TABLE public.api_expulsionrequest_viewed_by ALTER COLUMN id ADD GENERATED BY DEFAULT AS IDENTITY (
    SEQUENCE NAME public.api_expulsionrequest_viewed_by_id_seq
    START WITH 1
    INCREMENT BY 1
    NO MINVALUE
    NO MAXVALUE
    CACHE 1
);


--
-- Name: api_faculty; Type: TABLE; Schema: public; Owner: neharix
--

CREATE TABLE public.api_faculty (
    id bigint NOT NULL,
    name character varying(500) NOT NULL,
    abbreviation character varying(100) NOT NULL,
    active boolean NOT NULL
);


ALTER TABLE public.api_faculty OWNER TO neharix;

--
-- Name: api_faculty_id_seq; Type: SEQUENCE; Schema: public; Owner: neharix
--

ALTER TABLE public.api_faculty ALTER COLUMN id ADD GENERATED BY DEFAULT AS IDENTITY (
    SEQUENCE NAME public.api_faculty_id_seq
    START WITH 1
    INCREMENT BY 1
    NO MINVALUE
    NO MAXVALUE
    CACHE 1
);


--
-- Name: api_facultydepartment; Type: TABLE; Schema: public; Owner: neharix
--

CREATE TABLE public.api_facultydepartment (
    id bigint NOT NULL,
    department_id bigint NOT NULL,
    high_school_faculty_id bigint NOT NULL
);


ALTER TABLE public.api_facultydepartment OWNER TO neharix;

--
-- Name: api_facultydepartment_id_seq; Type: SEQUENCE; Schema: public; Owner: neharix
--

ALTER TABLE public.api_facultydepartment ALTER COLUMN id ADD GENERATED BY DEFAULT AS IDENTITY (
    SEQUENCE NAME public.api_facultydepartment_id_seq
    START WITH 1
    INCREMENT BY 1
    NO MINVALUE
    NO MAXVALUE
    CACHE 1
);


--
-- Name: api_highschool; Type: TABLE; Schema: public; Owner: neharix
--

CREATE TABLE public.api_highschool (
    id bigint NOT NULL,
    name character varying(500) NOT NULL,
    abbreviation character varying(100) NOT NULL,
    active boolean NOT NULL,
    lat double precision NOT NULL,
    lng double precision NOT NULL,
    manager_id bigint
);


ALTER TABLE public.api_highschool OWNER TO neharix;

--
-- Name: api_highschool_id_seq; Type: SEQUENCE; Schema: public; Owner: neharix
--

ALTER TABLE public.api_highschool ALTER COLUMN id ADD GENERATED BY DEFAULT AS IDENTITY (
    SEQUENCE NAME public.api_highschool_id_seq
    START WITH 1
    INCREMENT BY 1
    NO MINVALUE
    NO MAXVALUE
    CACHE 1
);


--
-- Name: api_highschoolfaculty; Type: TABLE; Schema: public; Owner: neharix
--

CREATE TABLE public.api_highschoolfaculty (
    id bigint NOT NULL,
    faculty_id bigint NOT NULL,
    high_school_id bigint NOT NULL
);


ALTER TABLE public.api_highschoolfaculty OWNER TO neharix;

--
-- Name: api_highschoolfaculty_id_seq; Type: SEQUENCE; Schema: public; Owner: neharix
--

ALTER TABLE public.api_highschoolfaculty ALTER COLUMN id ADD GENERATED BY DEFAULT AS IDENTITY (
    SEQUENCE NAME public.api_highschoolfaculty_id_seq
    START WITH 1
    INCREMENT BY 1
    NO MINVALUE
    NO MAXVALUE
    CACHE 1
);


--
-- Name: api_nationality; Type: TABLE; Schema: public; Owner: neharix
--

CREATE TABLE public.api_nationality (
    id bigint NOT NULL,
    name character varying(200) NOT NULL
);


ALTER TABLE public.api_nationality OWNER TO neharix;

--
-- Name: api_nationality_id_seq; Type: SEQUENCE; Schema: public; Owner: neharix
--

ALTER TABLE public.api_nationality ALTER COLUMN id ADD GENERATED BY DEFAULT AS IDENTITY (
    SEQUENCE NAME public.api_nationality_id_seq
    START WITH 1
    INCREMENT BY 1
    NO MINVALUE
    NO MAXVALUE
    CACHE 1
);


--
-- Name: api_profile; Type: TABLE; Schema: public; Owner: neharix
--

CREATE TABLE public.api_profile (
    id bigint NOT NULL,
    password character varying(200),
    user_id integer NOT NULL
);


ALTER TABLE public.api_profile OWNER TO neharix;

--
-- Name: api_profile_id_seq; Type: SEQUENCE; Schema: public; Owner: neharix
--

ALTER TABLE public.api_profile ALTER COLUMN id ADD GENERATED BY DEFAULT AS IDENTITY (
    SEQUENCE NAME public.api_profile_id_seq
    START WITH 1
    INCREMENT BY 1
    NO MINVALUE
    NO MAXVALUE
    CACHE 1
);


--
-- Name: api_region; Type: TABLE; Schema: public; Owner: neharix
--

CREATE TABLE public.api_region (
    id bigint NOT NULL,
    name character varying(200) NOT NULL
);


ALTER TABLE public.api_region OWNER TO neharix;

--
-- Name: api_region_id_seq; Type: SEQUENCE; Schema: public; Owner: neharix
--

ALTER TABLE public.api_region ALTER COLUMN id ADD GENERATED BY DEFAULT AS IDENTITY (
    SEQUENCE NAME public.api_region_id_seq
    START WITH 1
    INCREMENT BY 1
    NO MINVALUE
    NO MAXVALUE
    CACHE 1
);


--
-- Name: api_reinstaterequest; Type: TABLE; Schema: public; Owner: neharix
--

CREATE TABLE public.api_reinstaterequest (
    id bigint NOT NULL,
    detail text NOT NULL,
    request_date timestamp with time zone NOT NULL,
    verdict_date timestamp with time zone,
    verdict character varying(1),
    is_obsolete boolean NOT NULL,
    student_id bigint NOT NULL,
    sender_id integer
);


ALTER TABLE public.api_reinstaterequest OWNER TO neharix;

--
-- Name: api_reinstaterequest_id_seq; Type: SEQUENCE; Schema: public; Owner: neharix
--

ALTER TABLE public.api_reinstaterequest ALTER COLUMN id ADD GENERATED BY DEFAULT AS IDENTITY (
    SEQUENCE NAME public.api_reinstaterequest_id_seq
    START WITH 1
    INCREMENT BY 1
    NO MINVALUE
    NO MAXVALUE
    CACHE 1
);


--
-- Name: api_reinstaterequest_viewed_by; Type: TABLE; Schema: public; Owner: neharix
--

CREATE TABLE public.api_reinstaterequest_viewed_by (
    id bigint NOT NULL,
    reinstaterequest_id bigint NOT NULL,
    user_id integer NOT NULL
);


ALTER TABLE public.api_reinstaterequest_viewed_by OWNER TO neharix;

--
-- Name: api_reinstaterequest_viewed_by_id_seq; Type: SEQUENCE; Schema: public; Owner: neharix
--

ALTER TABLE public.api_reinstaterequest_viewed_by ALTER COLUMN id ADD GENERATED BY DEFAULT AS IDENTITY (
    SEQUENCE NAME public.api_reinstaterequest_viewed_by_id_seq
    START WITH 1
    INCREMENT BY 1
    NO MINVALUE
    NO MAXVALUE
    CACHE 1
);


--
-- Name: api_specialization; Type: TABLE; Schema: public; Owner: neharix
--

CREATE TABLE public.api_specialization (
    id bigint NOT NULL,
    name character varying(500) NOT NULL,
    abbreviation character varying(100) NOT NULL,
    active boolean NOT NULL,
    classificator_id bigint,
    degree_id bigint
);


ALTER TABLE public.api_specialization OWNER TO neharix;

--
-- Name: api_specialization_id_seq; Type: SEQUENCE; Schema: public; Owner: neharix
--

ALTER TABLE public.api_specialization ALTER COLUMN id ADD GENERATED BY DEFAULT AS IDENTITY (
    SEQUENCE NAME public.api_specialization_id_seq
    START WITH 1
    INCREMENT BY 1
    NO MINVALUE
    NO MAXVALUE
    CACHE 1
);


--
-- Name: api_student; Type: TABLE; Schema: public; Owner: neharix
--

CREATE TABLE public.api_student (
    id bigint NOT NULL,
    full_name character varying(400) NOT NULL,
    gender character varying(1) NOT NULL,
    family_status character varying(2) NOT NULL,
    payment_type character varying(1) NOT NULL,
    birth_date date NOT NULL,
    admission_date date NOT NULL,
    registered_place text NOT NULL,
    study_year character varying(3) NOT NULL,
    phone_number character varying(20) NOT NULL,
    passport character varying(20) NOT NULL,
    military_service character varying(20),
    label text,
    active boolean NOT NULL,
    country_id bigint,
    high_school_id bigint,
    nationality_id bigint,
    region_id bigint,
    specialization_id bigint,
    is_expelled boolean NOT NULL,
    is_obsolete boolean NOT NULL
);


ALTER TABLE public.api_student OWNER TO neharix;

--
-- Name: api_student_id_seq; Type: SEQUENCE; Schema: public; Owner: neharix
--

ALTER TABLE public.api_student ALTER COLUMN id ADD GENERATED BY DEFAULT AS IDENTITY (
    SEQUENCE NAME public.api_student_id_seq
    START WITH 1
    INCREMENT BY 1
    NO MINVALUE
    NO MAXVALUE
    CACHE 1
);


--
-- Name: api_teacherstatement; Type: TABLE; Schema: public; Owner: neharix
--

CREATE TABLE public.api_teacherstatement (
    id bigint NOT NULL,
    workload_1_25 integer NOT NULL,
    workload_1_00 integer NOT NULL,
    workload_0_75 integer NOT NULL,
    workload_0_50 integer NOT NULL,
    doctor_degree integer NOT NULL,
    candidate_degree integer NOT NULL,
    allowed_until timestamp with time zone,
    is_obsolete boolean NOT NULL,
    request_date timestamp with time zone NOT NULL,
    verdict_date timestamp with time zone,
    verdict character varying(1),
    sender_id integer,
    department_head integer NOT NULL,
    docent integer NOT NULL,
    docent_job integer NOT NULL,
    intern_teachers integer NOT NULL,
    professor integer NOT NULL,
    professor_job integer NOT NULL,
    senior_teachers integer NOT NULL,
    teachers integer NOT NULL,
    CONSTRAINT api_teacherstatement_candidate_degree_check CHECK ((candidate_degree >= 0)),
    CONSTRAINT api_teacherstatement_deparment_head_check CHECK ((department_head >= 0)),
    CONSTRAINT api_teacherstatement_docent_check CHECK ((docent >= 0)),
    CONSTRAINT api_teacherstatement_docent_job_check CHECK ((docent_job >= 0)),
    CONSTRAINT api_teacherstatement_doctor_degree_check CHECK ((doctor_degree >= 0)),
    CONSTRAINT api_teacherstatement_intern_teachers_check CHECK ((intern_teachers >= 0)),
    CONSTRAINT api_teacherstatement_professor_check CHECK ((professor >= 0)),
    CONSTRAINT api_teacherstatement_professor_job_check CHECK ((professor_job >= 0)),
    CONSTRAINT api_teacherstatement_senior_teachers_check CHECK ((senior_teachers >= 0)),
    CONSTRAINT api_teacherstatement_teachers_check CHECK ((teachers >= 0)),
    CONSTRAINT api_teacherstatement_workload_0_50_check CHECK ((workload_0_50 >= 0)),
    CONSTRAINT api_teacherstatement_workload_0_75_check CHECK ((workload_0_75 >= 0)),
    CONSTRAINT api_teacherstatement_workload_1_00_check CHECK ((workload_1_00 >= 0)),
    CONSTRAINT api_teacherstatement_workload_1_25_check CHECK ((workload_1_25 >= 0))
);


ALTER TABLE public.api_teacherstatement OWNER TO neharix;

--
-- Name: api_teacherstatement_id_seq; Type: SEQUENCE; Schema: public; Owner: neharix
--

ALTER TABLE public.api_teacherstatement ALTER COLUMN id ADD GENERATED BY DEFAULT AS IDENTITY (
    SEQUENCE NAME public.api_teacherstatement_id_seq
    START WITH 1
    INCREMENT BY 1
    NO MINVALUE
    NO MAXVALUE
    CACHE 1
);


--
-- Name: api_teacherstatement_viewed_by; Type: TABLE; Schema: public; Owner: neharix
--

CREATE TABLE public.api_teacherstatement_viewed_by (
    id bigint NOT NULL,
    teacherstatement_id bigint NOT NULL,
    user_id integer NOT NULL
);


ALTER TABLE public.api_teacherstatement_viewed_by OWNER TO neharix;

--
-- Name: api_teacherstatement_viewed_by_id_seq; Type: SEQUENCE; Schema: public; Owner: neharix
--

ALTER TABLE public.api_teacherstatement_viewed_by ALTER COLUMN id ADD GENERATED BY DEFAULT AS IDENTITY (
    SEQUENCE NAME public.api_teacherstatement_viewed_by_id_seq
    START WITH 1
    INCREMENT BY 1
    NO MINVALUE
    NO MAXVALUE
    CACHE 1
);


--
-- Name: auth_group; Type: TABLE; Schema: public; Owner: neharix
--

CREATE TABLE public.auth_group (
    id integer NOT NULL,
    name character varying(150) NOT NULL
);


ALTER TABLE public.auth_group OWNER TO neharix;

--
-- Name: auth_group_id_seq; Type: SEQUENCE; Schema: public; Owner: neharix
--

ALTER TABLE public.auth_group ALTER COLUMN id ADD GENERATED BY DEFAULT AS IDENTITY (
    SEQUENCE NAME public.auth_group_id_seq
    START WITH 1
    INCREMENT BY 1
    NO MINVALUE
    NO MAXVALUE
    CACHE 1
);


--
-- Name: auth_group_permissions; Type: TABLE; Schema: public; Owner: neharix
--

CREATE TABLE public.auth_group_permissions (
    id bigint NOT NULL,
    group_id integer NOT NULL,
    permission_id integer NOT NULL
);


ALTER TABLE public.auth_group_permissions OWNER TO neharix;

--
-- Name: auth_group_permissions_id_seq; Type: SEQUENCE; Schema: public; Owner: neharix
--

ALTER TABLE public.auth_group_permissions ALTER COLUMN id ADD GENERATED BY DEFAULT AS IDENTITY (
    SEQUENCE NAME public.auth_group_permissions_id_seq
    START WITH 1
    INCREMENT BY 1
    NO MINVALUE
    NO MAXVALUE
    CACHE 1
);


--
-- Name: auth_permission; Type: TABLE; Schema: public; Owner: neharix
--

CREATE TABLE public.auth_permission (
    id integer NOT NULL,
    name character varying(255) NOT NULL,
    content_type_id integer NOT NULL,
    codename character varying(100) NOT NULL
);


ALTER TABLE public.auth_permission OWNER TO neharix;

--
-- Name: auth_permission_id_seq; Type: SEQUENCE; Schema: public; Owner: neharix
--

ALTER TABLE public.auth_permission ALTER COLUMN id ADD GENERATED BY DEFAULT AS IDENTITY (
    SEQUENCE NAME public.auth_permission_id_seq
    START WITH 1
    INCREMENT BY 1
    NO MINVALUE
    NO MAXVALUE
    CACHE 1
);


--
-- Name: auth_user; Type: TABLE; Schema: public; Owner: neharix
--

CREATE TABLE public.auth_user (
    id integer NOT NULL,
    password character varying(128) NOT NULL,
    last_login timestamp with time zone,
    is_superuser boolean NOT NULL,
    username character varying(150) NOT NULL,
    first_name character varying(150) NOT NULL,
    last_name character varying(150) NOT NULL,
    email character varying(254) NOT NULL,
    is_staff boolean NOT NULL,
    is_active boolean NOT NULL,
    date_joined timestamp with time zone NOT NULL
);


ALTER TABLE public.auth_user OWNER TO neharix;

--
-- Name: auth_user_groups; Type: TABLE; Schema: public; Owner: neharix
--

CREATE TABLE public.auth_user_groups (
    id bigint NOT NULL,
    user_id integer NOT NULL,
    group_id integer NOT NULL
);


ALTER TABLE public.auth_user_groups OWNER TO neharix;

--
-- Name: auth_user_groups_id_seq; Type: SEQUENCE; Schema: public; Owner: neharix
--

ALTER TABLE public.auth_user_groups ALTER COLUMN id ADD GENERATED BY DEFAULT AS IDENTITY (
    SEQUENCE NAME public.auth_user_groups_id_seq
    START WITH 1
    INCREMENT BY 1
    NO MINVALUE
    NO MAXVALUE
    CACHE 1
);


--
-- Name: auth_user_id_seq; Type: SEQUENCE; Schema: public; Owner: neharix
--

ALTER TABLE public.auth_user ALTER COLUMN id ADD GENERATED BY DEFAULT AS IDENTITY (
    SEQUENCE NAME public.auth_user_id_seq
    START WITH 1
    INCREMENT BY 1
    NO MINVALUE
    NO MAXVALUE
    CACHE 1
);


--
-- Name: auth_user_user_permissions; Type: TABLE; Schema: public; Owner: neharix
--

CREATE TABLE public.auth_user_user_permissions (
    id bigint NOT NULL,
    user_id integer NOT NULL,
    permission_id integer NOT NULL
);


ALTER TABLE public.auth_user_user_permissions OWNER TO neharix;

--
-- Name: auth_user_user_permissions_id_seq; Type: SEQUENCE; Schema: public; Owner: neharix
--

ALTER TABLE public.auth_user_user_permissions ALTER COLUMN id ADD GENERATED BY DEFAULT AS IDENTITY (
    SEQUENCE NAME public.auth_user_user_permissions_id_seq
    START WITH 1
    INCREMENT BY 1
    NO MINVALUE
    NO MAXVALUE
    CACHE 1
);


--
-- Name: django_admin_log; Type: TABLE; Schema: public; Owner: neharix
--

CREATE TABLE public.django_admin_log (
    id integer NOT NULL,
    action_time timestamp with time zone NOT NULL,
    object_id text,
    object_repr character varying(200) NOT NULL,
    action_flag smallint NOT NULL,
    change_message text NOT NULL,
    content_type_id integer,
    user_id integer NOT NULL,
    CONSTRAINT django_admin_log_action_flag_check CHECK ((action_flag >= 0))
);


ALTER TABLE public.django_admin_log OWNER TO neharix;

--
-- Name: django_admin_log_id_seq; Type: SEQUENCE; Schema: public; Owner: neharix
--

ALTER TABLE public.django_admin_log ALTER COLUMN id ADD GENERATED BY DEFAULT AS IDENTITY (
    SEQUENCE NAME public.django_admin_log_id_seq
    START WITH 1
    INCREMENT BY 1
    NO MINVALUE
    NO MAXVALUE
    CACHE 1
);


--
-- Name: django_content_type; Type: TABLE; Schema: public; Owner: neharix
--

CREATE TABLE public.django_content_type (
    id integer NOT NULL,
    app_label character varying(100) NOT NULL,
    model character varying(100) NOT NULL
);


ALTER TABLE public.django_content_type OWNER TO neharix;

--
-- Name: django_content_type_id_seq; Type: SEQUENCE; Schema: public; Owner: neharix
--

ALTER TABLE public.django_content_type ALTER COLUMN id ADD GENERATED BY DEFAULT AS IDENTITY (
    SEQUENCE NAME public.django_content_type_id_seq
    START WITH 1
    INCREMENT BY 1
    NO MINVALUE
    NO MAXVALUE
    CACHE 1
);


--
-- Name: django_migrations; Type: TABLE; Schema: public; Owner: neharix
--

CREATE TABLE public.django_migrations (
    id bigint NOT NULL,
    app character varying(255) NOT NULL,
    name character varying(255) NOT NULL,
    applied timestamp with time zone NOT NULL
);


ALTER TABLE public.django_migrations OWNER TO neharix;

--
-- Name: django_migrations_id_seq; Type: SEQUENCE; Schema: public; Owner: neharix
--

ALTER TABLE public.django_migrations ALTER COLUMN id ADD GENERATED BY DEFAULT AS IDENTITY (
    SEQUENCE NAME public.django_migrations_id_seq
    START WITH 1
    INCREMENT BY 1
    NO MINVALUE
    NO MAXVALUE
    CACHE 1
);


--
-- Name: django_session; Type: TABLE; Schema: public; Owner: neharix
--

CREATE TABLE public.django_session (
    session_key character varying(40) NOT NULL,
    session_data text NOT NULL,
    expire_date timestamp with time zone NOT NULL
);


ALTER TABLE public.django_session OWNER TO neharix;

--
-- Data for Name: api_annualupdatereport; Type: TABLE DATA; Schema: public; Owner: neharix
--

COPY public.api_annualupdatereport (id, updated_at) FROM stdin;
\.


--
-- Data for Name: api_classificator; Type: TABLE DATA; Schema: public; Owner: neharix
--

COPY public.api_classificator (id, name) FROM stdin;
1	Matematika we tebigy ylymlar
2	Inženerçilik işi, tehnologiýalar we tehniki ylymlar
3	Saglygy goraýyş we lukmançylyk ylymlary
4	Oba hojalygy we oba hojalyk ylymlary
5	Jemgyýet baradaky ylymlar
6	Bilim we pedagogika ylymlar
7	Ynsanperwer ylymlar
8	Sungat we medeniýet
\.


--
-- Data for Name: api_country; Type: TABLE DATA; Schema: public; Owner: neharix
--

COPY public.api_country (id, name) FROM stdin;
1	Angliýa
2	Azerbeýjan
3	Eýran
4	HIndistan
5	Hytaý
6	Kazakstan
7	Owganystan
8	Özbekistan
9	Russiýa
10	Täjigistan
11	Türkmenistan
\.


--
-- Data for Name: api_degree; Type: TABLE DATA; Schema: public; Owner: neharix
--

COPY public.api_degree (id, name, duration) FROM stdin;
1	Magisturatura	2
2	Hünärmen	5
3	Bakalawr	4
4	Asperantura	7
5	Magisturatura	1
6	Hünärmen	6
\.


--
-- Data for Name: api_department; Type: TABLE DATA; Schema: public; Owner: neharix
--

COPY public.api_department (id, name, abbreviation, active) FROM stdin;
87	Epidemiologiýa kafedrasy	E	t
2	Jemgyýeti öwreniş we ony okatmagyň usulyýeti kafedrasy	JÖ we OOU	t
3	Adam anatomiýasy, topografik anatomiýa we operatiw hirurgiýa	AATA we OH	t
4	Agrohimiýa we topragy öwreniş kafedrasy	A we TÖ	t
5	Aktýor ussatlygy we sahna dili kafedrasy	AU we SD	t
6	Akuşerçilik we ginekologiýa	A we G	t
7	Akuşerçilik we ginekologiýa boýunça diplomdan soňky taýýarlyk kafedrasy	A we GBDST	t
8	Akuşerçilik we ginekologiýa kafedrasy	A we GK	t
9	Algebra we ähtimallyklar nazaryýeti kafedrasy	A we ÄN	t
10	Amaly himiýa kafedrasy	AH	t
11	Amaly matematika we informatika kafedrasy	AM we IK	t
12	Amaly mehanika kafedrasy	AM	t
13	Amaly-haşam sungaty kafedrasy	AHS	t
14	Anesteziologiýa we reanimatologiýa	A we R	t
15	Anesteziologiýa we reanimatologiýa kafedrasy	A we R	t
16	Arheologiýa we etnologiýa kafedrasy	A we E	t
17	Atçylyk we seýisçilik	A we S	t
18	Ätiýaçlandyryş işi kafedrasy	ÄI	t
19	Atlaryň kesellerini anyklamak we bejermek	AKA we B	t
20	Atlaryň köpeldilişi we iýmitlendirilişi	AK we I	t
21	Atly sport, syýahatçylyk we milli at üstündäki oýunlar	ASS we MAÜO	t
22	Awtomatlaşdyrma kafedrasy	A	t
23	Awtomobil ulagynyň ulanylyşy kafedrasy	AUU	t
24	Awtomobil ýollarynyň gurluşygy kafedrasy	AÝG	t
25	Bagbançylyk we gök ekerançylyk kafedrasy	B we GE	t
26	Bagşyçylyk sungaty kafedrasy	BS	t
27	Bank işi kafedrasy	BI	t
28	Başlangyç synplarda okatmagyň nazaryýeti we usulyýeti kafedrasy	BSON we U	t
29	Başlangyç synplarda we mekdebe çenli çagalar edaralarynda okatmagyň usulyýeti kafedrasy	BS we MÇÇEOU	t
30	Bedenterbiýäniň, sportuň nazaryýeti we usulyýeti kafedrasy	BSN we U	t
31	Bedenterbiýe	B	t
32	Bedenterbiýe kafedrasy	B	t
33	Bedenterbiýe we gimnastika kafedrasy	B we G	t
34	Bedenterbiýe we ony okatmagyň usulyýeti kafedrasy	B we OU	t
35	Bejeriş bedenterbiýesi, saglygy dikeldiş we sport lukmançylygy	BBSD we SL	t
36	Bejeriş bedenterbiýesi, saglygy dikeldiş we sport lukmançylygy kafedrasy	BB,SD we SL	t
37	Binagärlik kafedrasy	B	t
38	Biologiýa we ony okatmagyň usulyýeti kafedrasy	B we OOU	t
39	Biotehnologiýa kafedrasy	B	t
40	Botanika kafedrasy	B	t
41	Buhgalterçilik hasaba alnyşy kafedrasy	BHA	t
42	Buhgalterçilik hasaba alnyşy we audit kafedrasy	BHA we A	t
43	Çaga hirurgiýasy	ÇH	t
44	Çaga hirurgiýasy kafedrasy	ÇH	t
45	Çaga keselleriniň propedewtikasy	ÇKP	t
46	Çaga keselleriniň propedewtikasy kafedrasy	ÇKP	t
47	Çaga stomatologiýasy	ÇS	t
48	Çaga stomatologiýasy kafedrasy	ÇS	t
49	Çyzuw we materiallaryň garşylygy kafedrasy	Ç we MG	t
50	Çyzuwly geometriýa we inženerçilik grafikasy kafedrasy	ÇG we IG	t
51	Dag işleri kafedrasy	DI	t
52	Daşary ýurt dilleri kafedrasy	DÝD	t
53	Daşary ýurt edebiýaty kafedrasy	DÝE	t
54	Demir ýol ulagynda hereketi dolandyrmak kafedrasy	DÝHD	t
55	Demir ýol ulagynyň hereket edýän düzümi kafedrasy	DÝUHED	t
56	Deri we weneriki keseller	D we WK	t
57	Deri we weneriki keseller kafedrasy	D we WK	t
58	Dikeldiş we sport lukmançylygy (Kafedrasy ýok bolany sebäpli)	D we SL	t
59	Dil bilimi kafedrasy	DB	t
60	Diller	D	t
61	Diller kafedrasy	D	t
62	Dirižýorlyk kafedrasy	D	t
63	Dizaýn kafedrasy	D	t
64	Dokma önümçiligi kafedrasy	DÖ	t
65	Dünýä dilleri kafedrasy	DD	t
66	Dünýä taryhy kafedrasy	DT	t
67	Dünýä taryhy we ony okatmagyň usulyýeti kafedrasy	DT we OU	t
68	Dünýä tejribesini öwreniş kafedrasy	DTÖ	t
69	Dünýä ykdysadyýeti kafedrasy	DY	t
70	Ekerançylyk kafedrasy	E	t
71	Ekerançylyk önümlerini gaýtadan işlemek kafedrasy	EÖGI	t
72	Ekologiýa kafedrasy	E	t
73	Ekologiýa we ekologik tehnologiýalar kafedrasy	E we ET	t
74	Ekologiýa we umumy himiýa kafedrasy	E we UH	t
75	Elektrik stansiýalary kafedrasy	ES	t
76	Elektrik üpjünçiligi we awtomatika kafedrasy	EÜ we AK	t
77	Elektrik üpjünçiligi we elektromehanika kafedrasy	EÜ we E	t
78	Elektroenergetiki ulgamlar kafedrasy	EU	t
79	Elektromehanika kafedrasy	E	t
80	Elektrotehnika kafedrasy	E	t
81	Elektrotehnika we elektronika kafedrasy	E we E	t
82	Emeli aň we kiberhowpsuzlyk kafedrasy	EA we K	t
83	Endokrinologiýa kafedrasy	E	t
84	Energetika pudagynyň ykdysadyýeti kafedrasy	EPY	t
85	Energiýany tygşytlamagyň esaslarynyň tehnologiýasy	ETET	t
86	Epidemiologiýa	E	t
88	Epizootologiýa we parazitologiýa	E we P	t
89	Epizootologiýa we parazitologiýa kafedrasy	E we P	t
90	Estrada sungaty kafedrasy	ES	t
91	Fakultet hirurgiýasy kafedrasy	FH	t
92	Fakultet pediatriýasy	FP	t
93	Fakultet pediatriýasy kafedrasy	FP	t
94	Fakultet terapiýasy	FT	t
95	Fakultet terapiýasy kafedrasy	FT	t
96	Farmakologiýa	F	t
97	Farmakologiýa kafedrasy	F	t
98	Farmasewtika (Kafedrasy ýok bolany sebäpli)	F	t
99	Farmasiýa	F	t
100	Farmasiýa kafedrasy	F	t
101	Filosofiýa we sosiologiýa kafedrasy	F we S	t
102	Fizika kafedrasy	F	t
103	Fizika we elektronika kafedrasy	F we E	t
104	Fizika we elektrotehnika kafedrasy	F we E	t
105	Fizika we ony okatmagyň usulyýeti kafedrasy	F we OOU	t
106	Fiziki himiýa kafedrasy	FH	t
107	Geodeziýа kafedrasy	G	t
108	Geografiýa kafedrasy	G	t
109	Geografiýa we ony okatmagyň usulyýeti kafedrasy	G we OOU	t
110	Geologik kartalaşdyrma we markşeýder işi kafedrasy	GK we MI	t
111	Geologiýa we geofizika kafedrasy	G we G	t
112	Geologiýa we geohimiýa kafedrasy	G we G	t
113	Gidrogeologiýa we inžener geologiýasy kafedrasy	G we IG	t
114	Gidromelioratiw işleriň tehnologiýasy kafedrasy	GIT	t
115	Gidrometeorologiýa kafedrasy	G	t
116	Gidrotehniki desgalar kafedrasy	GD	t
117	Gistologiýa, embriologiýa we sitologiýa	GE we S	t
118	Gistologiýa, embriologiýa we sitologiýa kafedrasy	GE we S	t
119	Gospital hirurgiýasy	GH	t
120	Gospital hirurgiýasy kafedrasy	GH	t
121	Gospital pediatriýasy	GP	t
122	Gospital pediatriýasy kafedrasy	KP	t
123	Göz keselleri	GK	t
124	Göz keselleri kafedrasy	GK	t
125	Gozgalmaýan emläkleriň dolandyrylyşy kafedrasy	GED	t
126	Grafika kafedrasy	G	t
127	Gulak, burun, bokurdak keselleri	GBB	t
128	Gulak, burun, bokurdak keselleri kafedrasy	GBBK	t
129	Gündogar dilleri kafedrasy	GD	t
130	Gündogar dilleri we edebiýaty, olary okatmagyň usulyýeti kafedrasy	GD we EOOU	t
131	Gurluşyk işlerinde raýat goranyşy kafedrasy	GIRG	t
132	Gurluşyk kafedrasy	G	t
133	Gurluşyk materiallary kafedrasy	GM	t
134	Halk saz gurallary kafedrasy	HSG	t
135	Halkara gatnaşyklary kafedrasy	HG	t
136	Halkara gatnaşyklary we diplomatiýa kafedrasy	HG we D	t
137	Halkara hukugy kafedrasy	HH	t
138	Halkara hukugy we deňeşdirme hukuk öwreniş kafedrasy	HH we HÖ	t
139	Halkara ykdysady gatnaşyklary kafedrasy	HYG	t
140	Halkara ykdysadyýeti kafedrasy	HY	t
141	Harby gigiýena, epidemiologiýa we toksikologiýa kafedrasy	HGE we T	t
142	Harby meýdan hirurgiýasy kafedrasy	HMH	t
143	Harby meýdan terapiýasy kafedrasy	HMT	t
144	Harby-lukmançylyk (Kafedrasy ýok bolany sebäpli)	HL	t
145	Häzirki zaman kompýuter tehnologiýalary kafedrasy	HZKT	t
146	Häzirki zaman kompýuter tehnologiýasy kafedrasy	HZKT	t
147	Heýkeltaraşlyk kafedrasy	H	t
148	Himiki tehnologiýa kafedrasy	HT	t
149	Himiýa senagatynyň howpsuzlygy kafedrasy	HSH	t
150	Himiýa we energetika kafedrasy	H we E	t
151	Himiýa we himiýa tehnologiýasy kafedrasy	H we HT	t
152	Himiýa we ony okatmagyň usulyýeti kafedrasy	H we OU	t
153	Hirurgiýa boýunça diplomdan soňky taýýarlyk kafedrasy	HBDST	t
154	Howa ulagynyň ulanylyşy kafedrasy	HUU	t
155	Hünäri boýunça rus dili kafedrasy	HBRD	t
156	Iç keselleri boýunça diplomdan soňky taýýarlyk kafedrasy	IKBST	t
157	Iç keselleriniň propedewtikasy	IKP	t
158	Iç keselleriniň propedewtikasy kafedrasy	IKP	t
159	Inçekesel	I	t
160	Inçekesel kafedrasy	I	t
161	Infokommunikasiýa tehnologiýalary kafedrasy	IT	t
162	Informatika we maglumat tehnologiýalary kafedrasy	I we MT	t
163	Informatika we ony okatmagyň usulyýeti kafedrasy	I we OOU	t
164	Iňlis dili kafedrasy	ID	t
165	Iňlis diliniň fonetikasy we leksikologiýasy kafedrasy	IDF we L	t
166	Iňlis diliniň stilistikasy we grammatikasy kafedrasy	IDS we G	t
167	Iňlis filologiýasy kafedrasy	IF	t
168	Innowasiýalaryň marketingi we menejmenti kafedrasy	IM we M	t
169	Innowasiýalaryň ykdysadyýeti kafedrasy	IY	t
170	Inženerçilik ulgamlary we torlary kafedrasy	IU we T	t
171	Iýmit gigiýenasy	IG	t
172	Iýmit gigiýenasy kafedrasy	IG	t
173	Jemgy‎ý‎eti öwreniş ylymlary	JÖY	t
174	Jemgyýeti öwreniş ylymlary kafedrasy	JÖY	t
175	Jenaýat hukugy kafedrasy	JH	t
176	Kadaly fiziologiýa	KF	t
177	Kadaly fiziologiýa kafedrasy	KF	t
178	Kamera ansambly kafedrasy	KA	t
179	Kärhanalarda ykdysadyýet we dolandyryş kafedrasy	KY we D	t
180	Kärhananyň ykdysadyýeti kafedrasy	KY	t
181	Kartografiýa kafedrasy	K	t
182	Kazyỳet lukmançylygy we hukuk	KL we H	t
183	Kazyýet lukmançylygy we hukuk kafedrasy	KL we H	t
184	Kesel bejeriş işi ( Kafedra ýok bolany sebäpli )	KBI	t
185	Keselleriň öňini alyş ( Kafedrasy ýok bolany sebäpli )	KÖA	t
186	Kiberfiziki ulgamlar kafedrasy	KU	t
187	Kiberhowpsuzlyk kafedrasy	K	t
188	Kino we teleradio sungatlary kafedrasy	K we TS	t
189	Kirişli saz gurallary kafedrasy	KSG	t
190	Kitaphanaçylyk we arhiw işi kafedrasy	K we AIK	t
191	Kliniki farmakologiýa okuwly gospital terapiýasy kafedrasy	KFOGT	t
192	Kliniki farmakologiýa we endokrinologiýa okuwly gospital terapiýasy	KF we EOGT	t
193	Kompozisiýa we gurallama kafedrasy	K we G	t
194	Kompressorlar we sowadyjy desgalar kafedrasy	K we SD	t
195	Kompýuter tehnologiýasy we ulgamlary kafedrasy	KT we U	t
196	Kompýuter tehnologiýasy kafedrasy	KT	t
197	Kompýuter ulgamlary we torlary	KU we T	t
198	Kompýuter ylymlary kafedrasy	KY	t
199	Kompýuter ylymlary we maglumat tehnologiýalary kafedrasy	KY we MT	t
200	Konstitusiýa hukugy kafedrasy	KH	t
201	Logistika kafedasy	L	t
202	Logistika kafedrasy	L	t
203	Lukmançylyk fizikasy we informatikasy	LF we I	t
204	Lukmançylyk fizikasy we informatikasy kafedrasy	LF we I	t
205	Lukmançylyk gullugynyň guralyşy we usulyýeti kafedrasy	LGG we U	t
206	Maglumat awtomatlaşdyrmak kafedrasy	MA	t
207	Maglumat goramagyň innowasion tehnologiýalary kafedrasy	MGIT	t
208	Maglumat tehnologiýalary kafedrasy	MT	t
209	Maglumat tehnologiýalary we awtomatlaşdyrmak kafedrasy	MT we A	t
210	Maglumat tehnologiýalarynyň programma üpjünçiligi kafedrasy	MTPÜ	t
211	Maglumat tenologiýlary we awtomatlaşdyrmak kafedrasy	MT we A	t
212	Maglumat ulgamlary kafedrasy	MU	t
213	Maglumat ulgamlary we sanly tehnologiýalar kafedrasy	MU we ST	t
214	Maglumat ulgamlary we tehnologiýalary kafedrasy	MU we T	t
215	Maldarçylyk kafedrasy	M	t
216	Maldarçylyk önümlerini gaýtadan işlemek kafedrasy	MÖGI	t
217	Maliýe kafedrasy	M	t
218	Mallaryň kesellerini anyklamak we bejermek kafedrasy	MKA we B	t
219	Marketing kafedrasy	M	t
220	Maşgala lukmançylygy boýunça diplomdan soňky taýýarlyk kafedrasy	MLBDST	t
221	Matematika we ony okatmagyň usulyýeti kafedrasy	M we OU	t
222	Matematiki analiz kafedrasy	MA	t
223	Medeni guramaçylyk işi kafedrasy	MGI	t
224	Medeni gymmatlyklary rejeleýiş we muzeý işi kafedrasy	MGR we MI	t
225	Medeniýeti öwreniş kafedrasy	MÖ	t
226	Medisina biologiýasy we genetika	MB we G	t
227	Medisina biologiýasy we genetika kafedrasy	MB we G	t
228	Medisina ekologiýasy we gigiýena	ME we G	t
229	Medisina ekologiýasy we gigiýena kafedrasy	ME we G	t
230	Medisina himiýasy	MH	t
231	Medisina himiýasy kafedrasy	MH	t
232	Mehanika we metallaryň tehnologiýasy kafedrasy	M we MT	t
233	Mekdebe çenli terbiýäniň nazaryýeti we usulyýeti	MÇTN we U	t
234	Mekdebi çenli terbiýäniň nazaryýeti we usulyýeti kafedrasy	MÇTN we U	t
235	Menejment kafedrasy	M	t
236	Menejment we innowasiýa tehnologiýalary kafedrasy	M we IT	t
237	Metallary işläp bejermegiň tehnologiýasy kafedrasy	MIBT	t
238	Mikrobiologiýa	M	t
239	Mikrobiologiýa kafedrasy	M	t
240	Mikrobiologiýa, wirusologiýa we immunologiýa kafedrasy	WW we I	t
241	Mikroelektronika we ölçeg tehnikasy kafedrasy	M we ÖT	t
242	Miweçilik, üzümçilik we gök ekerançylyk kafedrasy	MÜ we GE	t
243	Molekulýar biologiýa we genetika kafedrasy	MB we G	t
244	Myhmanhana işewürligi kafedrasy	MI	t
245	Nakgaşçylyk kafedrasy	N	t
246	Nano we biolukmançylyk elektronikasy kafedrasy	N we BE	t
247	Nanotehnologiýalar we materiallary öwrenmek kafedrasy	N we MÖ	t
248	Nazary we eksperimental fizika kafedrasy	N we EF	t
249	Nebit we gaz guýularyny burawlamak kafedrasy	N we GGB	t
250	Nebit we gaz känleriniň maşynlary we enjamlary kafedrasy	N we GKM we E	t
251	Nebit we gaz ojaklaryny özleşdirmek kafedrasy	N we GOÖ	t
252	Nebit we gaz pudagynyň ykdysadyýeti we dolandyrylyşy kafedrasy	N we GPY we D	t
253	Nebitgazgeçirijilerini we nebitgazyň saklanýan ýerlerini taslamak, gurmak we ulanmak kafedrasy	N we NSÝTG we U	t
254	Nebiti, gazy gaýtadan işlemegiň himiki tehnologiýasy kafedrasy	NGGIHT	t
255	Nebitsenagat enjamlary kafedrasy	NE	t
256	Nerw keselleri we neýrohirurgiýa	NK we N	t
257	Nerw keselleri we neýrohirurgiýa kafedrasy	NK we N	t
258	Oba hojalygynda buhgalter hasaby we audit kafedrasy	OHBH we A	t
259	Oba hojalygyny elektrikleşdirmek we awtomatlaşdyrmak kafedrasy	OHE we A	t
260	Oba hojalygynyň guralyşy we dolandyrylyşy	OHG we D	t
261	Oba hojalygynyň guralyşy we dolandyrylyşy kafedrasy	OHG we D	t
262	Oba hojalygynyň meliorasiýasy kafedrasy	OHM	t
263	Oba hojalygynyň ykdysadyýeti kafedrasy	OHY	t
264	Oba hojalyk ekinleriniň seleksiýasy we tohumçylygy kafedrasy	OHES we T	t
265	Oba hojalyk maşynlary kafedrasy	OHM	t
266	Oba hojalyk meliorasiýalary kafedrasy	OHM	t
267	Oba hojalyk tehnikalaryny ulanmak we abatlamak kafedrasy	OHTU we A	t
268	Önümçiligi awtomatlaşdyrmak kafedrasy	ÖA	t
269	Organiki däl maddalaryň himiki tehnologiýasy kafedrasy	ODMHT	t
270	Organiki däl we analitiki himiýa kafedrasy	OD we AH	t
271	Organiki himiýa kafedrasy	OH	t
272	Ortopedik we hirurgik stomatologiýa	O we HS	t
273	Ortopedik we hirurgik stomatologiýa kafedrasy	O we HS	t
274	Ösümlikçilik kafedrasy	Ö	t
275	Pagtany ilkinji işlemek kafedrasy	PII	t
276	Patologik anatomiýa	PA	t
277	Patologik anatomiýa kafedrasy	PA	t
278	Patologik fiziologiýa kafedrasy	PF	t
279	Patologik fiziologiýasy	PF	t
280	Pedagogika kafedrasy	P	t
281	Pedagogika we psihologiýa kafedrasy	P we P	t
282	Pediatriýa ( kafedrasy ýok bolanlygy sebäpli )	P	t
283	Pediatriýa boýunça diplomdan soňky taýýarlyk kafedrasy	PBDST	t
284	Peýdaly magdanlary gözlemegiň we barlamagyň geofiziki usullary kafedrasy	PMG we BGU	t
285	Psihiatriýa, narkologiýa we medisina psihologiýasy	PN we MP	t
286	Psihiatriýa, narkologiýa we medisina psihologiýasy kafedrasy	PN we MP	t
287	Psihologiýa kafedrasy	P	t
288	Radioaragatnaşyk we radiotehniki ulgamlar kafedrasy	R we RU	t
289	Radiofizika we elektronika kafedrasy	R we E	t
290	Raýat hukugy , Jenaýat hukugy kafedralary	RHJH	t
291	Raýat hukugy kafedrasy	RH	t
292	Režissura kafedrasy	R	t
293	Roman-german dilleri kafedrasy	RGD	t
294	Roman-german dilleri we edebiýaty, olary okatmagyň usulyýeti kafedrasy	RGD we OOU	t
295	Rus dili edebiýaty kafedrasy	RDE	t
296	Rus dili we edebiýaty kafedrasy	RD we E	t
297	Rus dili we edebiýaty, olary okatmagyň usulyýeti kafedrasy	RD we EOOU	t
298	Rus diliniň nazaryýeti we amalyýeti kafedrasy	RDN we A	t
299	Rus edebiýaty kafedrasy	RE	t
300	Saglygy goraýşyň guralyşy, dolandyrylyşy we ykdysadyýeti	SGGD we Y	t
301	Saglygy goraýşyň guralyşy, dolandyrylyşy we ykdysadyýeti kafedrasy	SGGD we Y	t
302	Salgytlar we salgyt salmak kafedrasy	S we SS	t
303	Sanly elektronika we elektrotehnika kafedrasy	SE we  E	t
304	Sanly ykdysadyýet kafedrasy	SY	t
305	Saýlanmadyk	S	t
306	Saz mugallymy kafedrasy	SM	t
307	Sazyň nazaryýeti kafedrasy	SN	t
308	Sazyň taryhy kafedrasy	ST	t
309	Senagat ekologiýasy kafedrasy	SE	t
310	Senagat gurluşygy we geodeziýa kafedrasy	SG we G	t
311	Senagat we raýat jaý gurluşygy kafedrasy	S we RJG	t
312	Şöhle bilen anyklaỳyş, bejeriş we onkologiýa	ŞBAB we O	t
313	Şöhle bilen anyklaýyş, bejeriş we onkologiýa kafedrasy	ŞBAB we O	t
314	Sport tehnologiýalary we menejmenti kafedrasy	ST we M	t
315	Sportuň başa-baş tutluşyk kafedrasy	SBBT	t
316	Sportuň göreş görnüşleri kafedrasy	SGG	t
317	Sportuň gyşky we suw görnüşleri kafedrasy	SG we SG	t
318	Sportuň köpçülikleýin görnüşleri kafedrasy	SKG	t
319	Sportuň mediki-biologik üpjünçiligi kafedrasy	SMBÜ	t
320	Sportuň oýun görnüşleri kafedrasy	SOG	t
321	Statistika kafedrasy	S	t
322	Stomatologiýa (Kafedrasy ýok bolany sebäpli)	S	t
323	Stomatologiýa boýunça diplomdan soňky taýýarlyk kafedrasy	SBDST	t
324	Sungaty öwreniş kafedrasy	SÖ	t
325	Suw ulagynyň ulanylyşy kafedrasy (Türkmenbaşy şäheri)	SUUK	t
326	Suw, gaz we ýylylyk üpjünçiligi kafedrasy	SG we ÝÜ	t
327	Syýahatçylyk kafedrasy	S	t
328	Takyk we tebigy ylymlar kafedrasy	T we TY	t
329	Tebigy bilimler kafedrasy	TB	t
330	Tebigy bilimler we kompýuter tehnologiýasy	TB we KT	t
331	Tehniki ugurlar boýunça daşary ýurt dilleri kafedrasy	TUBDÝD	t
332	Tehniki ulgamlaryň awtomatikasy kafedrasy	TUA	t
333	Tehnologik maşynlar we enjamlar kafedrasy	TM we E	t
334	Telekommunikasiýa ulgamlary kafedrasy	TU	t
335	Terapewtik stomatologiýa	TS	t
336	Terapewtik stomatologiýa kafedrasy	TS	t
337	Terjimäniň nazaryýeti we amalyýeti kafedrasy	TN we A	t
338	Tikin önümçiligi kafedrasy	TÖK	t
339	Tokaý we seýil bag hojalygy kafedrasy	T we BH	t
340	Traktor we oba hojalyk maşynlary kafedrasy	T we HM	t
341	Traktorlar we awtomobiller kafedrasy	T we A	t
342	Trawmatologiýa we ortopediýa	T we O	t
343	Trawmatologiýa we ortopediýa kafedrasy	T we O	t
344	Türkmen dili kafedrasy	TD	t
345	Türkmen dili we ony okatmagyň usulyýeti kafedrasy	TD we OOU	t
346	Türkmen edebiýaty kafedrasy	TE	t
347	Türkmen edebiýaty we ony okatmagyň usulyýeti kafedrasy	TE we OOU	t
348	Türkmen sazy kafedrasy	TS	t
349	Türkmenistanyň taryhy kafedrasy	TT	t
350	Türkmenistanyň taryhy we ony okatmagyň usulyýeti kafedrasy	TT we OOU	t
351	Üflenip we kakylyp çalynýan saz gurallary kafedrasy	Ü we KÇSG	t
352	Umumy fizika kafedrasy	UF	t
353	Umumy fizika, matematika we informatika kafedrasy	UFM we I	t
354	Umumy fortepiano kafedrasy	UF	t
355	Umumy himiýa kafedrasy	UH	t
356	Umumy hirurgiýa	UH	t
357	Umumy hirurgiýa kafedrasy	UH	t
358	Umumy matematika kafedrasy	UM	t
359	Umumy tehniki dersler kafedrasy	UTDK	t
360	Urologiýa okuwly fakultet hirurgiýasy	UOFH	t
361	Urologiýa we andrologiýa kafedrasy	U we A	t
362	Uzak gündogar dilleri kafedrasy	UGD	t
363	Ýakyn gündogar dilleri kafedrasy	ÝGD	t
364	Ýekelikde aýdym aýtmak kafedrasy	ÝAA	t
365	Ýeňil we agyr atletika kafedrasy	Ý weAA	t
366	Ýer serişdeleri kafedrasy	ÝS	t
367	Ykdysady nazaryýet kafedrasy	YN	t
368	Ykdysadyýet kafedrasy	Y	t
369	Ykdysadyýet we amaly informatika kafedrasy	Y we AI	t
370	Ykdysadyýet we hukuk kafedrasy	Y we H	t
371	Ykjam we wideomaglumat tehnologiýalary kafedrasy	Y we WT	t
372	Ylahyýet kafedrasy	Y	t
373	Ýokanç çaga keselleri	ÝÇK	t
374	Ýokanç çaga keselleri kafedrasy	ÝÇK	t
375	Ýokanç keseller	ÝK	t
376	Ýokanç keseller kafedrasy	ÝK	t
377	Ýokary matematika kafedrasy	ÝM	t
378	Ýokary matematika we informatika kafedrasy	ÝM we I	t
379	Ýokary tehnologiýalaryň fizikasy kafedrasy	ÝTF	t
380	Ýörite fortepiano kafedrasy	ÝF	t
381	Ýüpekçilik we ösümlikleri goramak kafedrasy	Ý we ÖG	t
382	Zähmet we tehnologiýalaryň esaslary,olary okatmagyň usulyýeti kafedrasy	Z we TEOOU	t
383	Zähmetiň ykdysadyýeti kafedrasy	ZY	t
384	Zoologiýa kafedrasy	Z	t
385	Žurnalistika kafedrasy	Ž	t
386	Žurnalistikanyň nazaryýeti we amalyýeti kafedrasy	ŽN we A	t
\.


--
-- Data for Name: api_departmentspecialization; Type: TABLE DATA; Schema: public; Owner: neharix
--

COPY public.api_departmentspecialization (id, faculty_department_id, specialization_id) FROM stdin;
1	5	1
2	9	339
3	25	333
4	25	298
5	11	266
6	11	323
7	11	335
8	11	299
9	12	303
10	12	316
11	12	341
12	17	309
13	17	295
14	19	321
15	19	267
16	19	312
17	19	314
18	7	6
20	8	4
21	28	211
22	28	420
23	27	471
24	29	308
25	29	300
26	30	293
27	33	332
28	33	327
29	31	320
30	31	43
31	32	324
32	8	2
33	8	7
34	3	8
35	34	488
36	34	482
37	2	9
38	35	105
39	1	5
40	1	3
41	39	149
42	40	587
43	42	28
44	42	318
45	43	542
46	43	306
47	44	215
48	70	204
49	70	208
50	71	212
51	45	40
52	45	376
53	47	374
54	86	253
55	88	252
56	85	216
57	85	243
58	84	346
59	54	248
60	54	296
61	56	172
62	55	566
63	60	214
64	60	385
65	53	147
66	50	78
67	77	532
68	59	475
69	79	38
70	79	273
71	78	213
72	78	425
73	78	515
74	61	317
75	95	551
76	95	206
77	94	424
78	94	238
79	93	207
80	63	473
81	96	151
82	96	569
83	96	161
84	66	489
85	104	414
86	104	508
87	104	540
88	104	416
89	73	220
90	73	228
91	73	550
92	75	35
93	75	264
94	75	315
95	75	450
96	74	439
97	80	437
98	100	484
99	100	354
100	100	534
101	102	517
102	102	120
103	102	96
104	69	202
105	110	582
106	111	191
107	109	334
108	112	285
109	113	322
110	114	59
111	118	222
112	115	545
113	117	479
114	119	390
115	119	251
116	120	541
117	121	56
118	121	247
119	88	146
120	87	375
121	87	239
122	87	241
123	87	92
124	183	32
125	183	490
126	184	470
127	185	570
128	185	171
129	186	371
130	186	581
131	187	352
132	190	45
133	190	235
134	190	101
135	190	46
136	193	519
137	193	563
138	195	560
139	195	26
140	196	506
141	201	17
142	198	95
143	202	270
144	203	58
145	203	447
146	204	15
147	205	305
148	206	12
149	199	348
150	199	356
151	199	486
152	207	445
153	207	256
154	208	259
155	209	547
156	209	148
157	210	302
158	212	255
159	214	366
160	214	369
161	217	163
162	215	221
163	223	98
164	223	226
165	224	229
166	224	400
167	225	223
168	225	89
169	226	186
170	226	93
171	227	195
172	227	254
173	230	124
174	230	468
175	230	42
176	230	41
177	230	558
178	230	580
179	233	355
180	234	152
181	234	201
182	236	372
183	236	370
184	237	257
185	237	246
186	238	80
187	238	176
188	240	150
189	251	29
190	242	539
191	242	474
192	242	30
193	241	525
194	241	188
195	241	185
196	241	568
197	243	182
198	243	79
199	243	118
200	252	215
201	253	149
202	255	374
203	256	78
204	257	248
205	258	458
206	259	532
207	245	47
208	245	159
209	245	529
210	245	537
211	244	350
212	248	510
213	248	556
214	248	503
215	263	66
216	263	162
217	249	531
218	249	498
219	250	205
220	250	481
221	265	317
222	267	439
223	268	489
224	268	220
225	269	264
226	269	450
227	271	88
228	271	85
229	273	483
230	274	135
231	274	382
232	274	381
233	274	402
234	274	134
235	274	421
236	277	133
237	277	131
238	277	64
239	278	529
240	278	175
241	278	179
242	278	173
243	278	177
244	281	128
245	281	126
246	281	136
247	280	164
248	280	524
249	280	557
250	280	113
251	279	100
252	279	386
253	279	488
254	287	430
255	287	514
256	287	271
257	287	359
258	287	504
259	287	491
260	287	73
261	285	462
262	285	455
263	288	378
264	288	268
265	284	368
266	284	523
267	284	143
268	284	245
269	284	427
270	284	365
271	284	343
272	274	396
273	274	399
274	289	151
275	289	106
276	276	533
277	276	137
278	276	280
279	276	60
280	290	51
281	290	55
282	291	331
283	291	407
284	291	395
285	291	415
286	292	236
287	292	230
288	292	233
289	292	349
290	312	431
291	293	52
292	293	53
293	293	108
294	293	494
295	294	513
296	294	353
297	294	109
298	295	103
299	296	506
300	296	411
301	296	409
302	296	223
303	296	85
304	296	507
305	297	235
306	297	240
307	297	539
308	297	542
309	298	559
310	319	67
311	310	448
312	311	435
313	311	454
314	318	467
315	318	442
316	313	588
317	314	589
318	315	590
319	308	591
320	308	592
321	320	593
322	321	45
323	321	158
324	321	114
325	322	569
326	324	153
327	324	170
328	324	553
329	335	573
330	335	461
331	323	406
332	334	73
333	334	112
334	334	72
335	334	465
336	323	405
337	336	456
338	336	497
339	323	88
340	323	87
341	357	250
342	357	385
343	357	57
344	357	379
345	357	190
346	327	151
347	327	166
348	327	161
349	340	265
350	341	151
351	341	569
352	328	453
353	328	237
354	328	10
355	328	156
356	342	168
357	343	235
358	344	570
359	344	116
360	344	114
361	344	178
362	344	571
363	333	571
364	333	180
365	333	464
366	346	484
367	346	120
368	346	534
369	346	107
370	346	99
371	332	49
372	332	526
373	332	517
374	332	354
375	349	560
376	349	403
377	349	408
378	349	562
379	324	551
380	350	506
381	350	271
382	350	511
383	350	269
384	351	24
385	351	572
386	352	52
387	352	494
388	358	76
389	358	428
390	359	383
391	349	244
392	346	517
393	352	578
394	356	174
395	362	477
396	362	184
397	362	538
398	362	189
399	362	203
400	363	476
401	363	584
402	363	347
403	364	362
404	365	73
405	365	77
406	366	112
407	366	31
408	368	575
409	368	466
410	368	338
411	369	552
412	370	139
413	370	137
414	370	125
415	370	130
416	370	320
417	370	127
418	370	132
419	375	367
420	375	64
421	375	141
422	375	129
423	375	63
424	377	495
425	377	500
426	381	291
427	381	286
428	378	307
429	378	44
430	384	297
431	384	294
432	380	223
433	380	85
434	380	81
435	380	82
436	385	330
437	385	332
438	376	528
439	376	384
440	386	336
441	386	520
442	387	393
443	387	140
444	388	394
445	388	142
446	388	155
447	391	585
448	391	412
449	391	39
450	392	586
451	392	433
452	393	192
453	393	429
454	393	37
455	398	17
456	398	270
457	399	11
458	399	449
459	394	21
460	394	121
461	394	117
462	395	583
463	395	574
464	401	15
465	403	355
466	395	440
467	396	288
468	396	287
469	396	289
470	396	292
471	396	576
472	400	502
473	404	8
474	402	198
475	405	536
476	405	98
477	405	527
478	406	229
479	406	418
480	406	90
481	406	89
482	407	255
483	407	366
484	407	361
485	408	260
486	408	258
487	408	262
488	409	16
489	410	549
490	410	48
491	406	521
492	397	234
493	116	594
495	219	595
496	262	596
497	266	597
498	264	67
500	46	598
501	41	599
502	48	600
503	49	601
504	51	602
505	52	360
506	62	597
507	67	603
508	81	605
509	82	604
510	59	606
511	105	607
512	325	614
513	105	608
514	107	609
515	107	610
516	106	611
517	106	612
518	106	613
519	106	616
520	409	595
521	413	68
522	413	516
523	414	344
524	415	457
525	416	487
526	417	197
527	418	69
528	418	36
529	419	111
530	419	438
531	419	451
\.


--
-- Data for Name: api_diplomareport; Type: TABLE DATA; Schema: public; Owner: neharix
--

COPY public.api_diplomareport (id, two_year_work_off, died, went_abroad, other_reasons, verdict_date, verdict, diploma_request_id, request_date) FROM stdin;
\.


--
-- Data for Name: api_diplomarequest; Type: TABLE DATA; Schema: public; Owner: neharix
--

COPY public.api_diplomarequest (id, honor_diploma_count, request_date, verdict_date, verdict, is_obsolete, sender_id, simple_diploma_count, allowed_until) FROM stdin;
\.


--
-- Data for Name: api_diplomarequest_viewed_by; Type: TABLE DATA; Schema: public; Owner: neharix
--

COPY public.api_diplomarequest_viewed_by (id, diplomarequest_id, user_id) FROM stdin;
\.


--
-- Data for Name: api_diplomarequestaction; Type: TABLE DATA; Schema: public; Owner: neharix
--

COPY public.api_diplomarequestaction (id, verdict_date, verdict, diploma_request_id, request_date, update_honor_to, update_simple_to) FROM stdin;
\.


--
-- Data for Name: api_expulsionreason; Type: TABLE DATA; Schema: public; Owner: neharix
--

COPY public.api_expulsionreason (id, name) FROM stdin;
1	Öz islegi boýunça
2	Saglyk ýagdaýy sebäpli
3	Maşgala ýagdaýy sebäpli
4	Aradan çykandygy sebäpli
5	Içki tertip düzgüni bozanlygy sebäpli
6	Okuw sapaklaryny ýetişmeýändigi sebäpli
7	Başga sebäplere görä
\.


--
-- Data for Name: api_expulsionrequest; Type: TABLE DATA; Schema: public; Owner: neharix
--

COPY public.api_expulsionrequest (id, request_date, verdict_date, verdict, reason_id, student_id, detail, is_obsolete, sender_id) FROM stdin;
\.


--
-- Data for Name: api_expulsionrequest_viewed_by; Type: TABLE DATA; Schema: public; Owner: neharix
--

COPY public.api_expulsionrequest_viewed_by (id, expulsionrequest_id, user_id) FROM stdin;
\.


--
-- Data for Name: api_faculty; Type: TABLE DATA; Schema: public; Owner: neharix
--

COPY public.api_faculty (id, name, abbreviation, active) FROM stdin;
94	Sanly ykdysadyýet we dolandyryş fakulteti	SY we D	t
95	Maglumat ulgamlarynyň howpsuzlygy fakulteti	MUH	t
96	Önümçilik proseslerini awtomatlaşdyrmak fakulteti	ÖPA	t
3	Tebigy bilimleri fakulteti	TB	t
4	Rus, gündogar dilleri we edebiýaty fakulteti	RGD we E	t
5	Roman-german dilleri we edebiýaty fakulteti	RGD we E	t
6	Pedagogika fakulteti	P	t
7	Raýat goranyşy fakulteti	RG	t
8	Atly sport, syýahatçylyk we milli at üstündäki oýunlar fakulteti	ASS we MAÜOF	t
9	Oba hojalygynyň ykdysadyýeti fakulteti	OHY	t
10	Atçylygyň weterinariýasy fakulteti	AW	t
11	Atçylyk fakulteti	A	t
12	Himiýa tehnologiýasy fakulteti	HT	t
13	Nebit senagaty (Balkanabat bölümi) fakulteti	NS	t
14	Sanly tehnologiýalar we kiberhowpsuzlyk fakulteti	ST we K	t
15	Ykdysadyýet we dolandyryş fakulteti	Y we D	t
16	Energetika we inženerçilik desgalary fakulteti	E we ID	t
17	Geologiýa fakulteti	G	t
18	Nebit we gaz fakulteti	N we G	t
19	Dil öwreniş bölümi fakulteti	DÖB	t
20	Maglumat tehnologiýasy fakulteti	MT	t
21	Halkara ykdysadyýeti we menejment fakulteti	HY we M	t
22	Halkara hukugy we halkara gatnaşyklary fakulteti	HH we HG	t
23	Durmuş-ynsanperwerlik bilimleri fakulteti	DYB	t
24	Ýol gurluşygy fakulteti	ÝG	t
25	Kompýuter tehnologiýasy we awtomatika fakulteti	KT we A	t
26	Inžener-mehanika fakulteti	IH	t
27	Himiýa tehnologiýasy we ekologiýa fakulteti	HT we E	t
28	Binagärlik–gurluşyk fakulteti	BG	t
29	Roman-german dilleri we edebiýaty fakulteti	RGD we E	t
30	Takyk bilimleri fakulteti	TB	t
31	Tebigy bilimleri fakulteti	TB	t
32	Bedenterbiýe fakulteti	B	t
33	Sportuň Olimpiýa görnüşleri fakulteti	SOG	t
34	Sport fakulteti	S	t
35	Amaly-haşam sungaty fakulteti	AHS	t
36	Binagärlik we dizaýn fakulteti	B we D	t
37	Şekillendiriş sungaty fakulteti	ŞS	t
38	Kompýuter tehnologiýasy fakulteti	KT	t
39	Energo-tehnologiýa fakulteti	ET	t
40	Senagat-tehnologiýa fakulteti	ST	t
41	Harby lukmançylyk fakulteti	HL	t
42	Dikeldiş we sport lukmançylygy fakulteti	D we SL	t
43	Farmasewtika fakulteti	F	t
44	Stomatologiýa fakulteti	S	t
45	Keselleriň öňüni alyş fakulteti	KÖA	t
46	Pediatriýa fakulteti	P	t
47	Kesel bejeriş fakulteti	KB	t
48	Hasap we audit fakulteti	H we A	t
49	Salgytlar we salgyt salmak fakulteti	S we SS	t
50	Bank işi fakulteti	BI	t
51	Syýahatçylyk fakulteti	S	t
52	Teatr sungaty fakulteti	TS	t
53	Kitaphanaçylyk fakulteti	K	t
54	Medeni miras fakulteti	MM	t
55	Hukuk fakulteti	H	t
56	Roman-german we gündogar dilleri fakulteti	RG we GD	t
57	Türkmen dili we edebiýaty fakulteti	TD we E	t
58	Taryh fakulteti	T	t
59	Matematika fakulteti	M	t
60	Biologiýa fakulteti	B	t
61	Geografiýa fakulteti	G	t
62	Himiýa fakulteti	H	t
63	Fizika fakulteti	F	t
64	Maglumat tehnologiýalary fakulteti	MT	t
65	Marketing fakulteti	M	t
66	Menejment fakulteti	M	t
67	Maliýe fakulteti	M	t
68	Ykdysadyýet fakulteti	Y	t
69	Innowasiýalaryň ykdysadyýeti fakulteti	IY	t
70	Kiberfiziki ulgamlar fakulteti	KU	t
71	Kompýuter ylymlary we maglumat tehnologiýalary fakulteti	KY we MT	t
72	Biotehnologiýa we ekologiýa fakulteti	B we E	t
73	Himiki we nanotehnologiýalar fakulteti	H we N	t
74	Ykdysadyýet we sanly tehnologiýalar fakulteti	Y we ST	t
75	Demir ýol ulaglary fakulteti	DÝU	t
76	Ulaglar fakulteti	U	t
77	Mehanika–tehnologik fakulteti	MT	t
78	Jemagat infrastrukturasy we inženerçilik ulgamlary fakulteti	JI we IU	t
79	Kompozisiýa, saz öwreniş we fortepiano fakulteti	KSÖ we F	t
80	Aýdym, dirižýorlyk we saz mugallymçylygy fakulteti	AD we SM	t
81	Orkestr saz gurallary fakulteti	OSG	t
82	Halk sazy fakulteti	HS	t
83	Gündogar dilleri we edebiýaty fakulteti	GD we E	t
84	Rus dili we edebiýaty fakulteti	RD we E	t
85	Ýewropa dilleri we edebiýaty fakulteti	ÝD we E	t
86	Iňlis dili we edebiýaty fakulteti	ID we E	t
87	Oba hojalygynyň ykdysadyýeti we dolandyrylyşy fakulteti	OHY we D	t
88	Dokma önümçiligi	DÖ	t
89	Oba hojalyk önümlerini gaýtadan işlemek	OHÖGI	t
90	Oba hojalygynyň mehanizasiýasy	OHM	t
91	Gidromeliorasiýa	G	t
92	Agroekologiýa	A	t
93	Maglumat tehnologiýalary we programmirleme fakulteti	MT we P	t
97	Aragatnaşygyň radiotehnologiýalary fakulteti	AR	t
98	Telekommunikasiýalar fakulteti	T	t
99	Gidromeliorasiýa we oba hojalygyny mehanizmleşdirmek	G we OHM	t
100	Weterinar lukmançylygy fakulteti	WL	t
101	Agronomçylyk	A	t
102	Halkara žurnalistikasy	HŽ	t
103	Halkara ykdysady gatnaşyklary	HYG	t
104	Halkara hukugy	HH	t
105	Halkara gatnaşyklary	HG	t
\.


--
-- Data for Name: api_facultydepartment; Type: TABLE DATA; Schema: public; Owner: neharix
--

COPY public.api_facultydepartment (id, department_id, high_school_faculty_id) FROM stdin;
1	261	3
2	89	3
3	19	3
4	330	3
5	17	2
6	174	2
7	20	2
8	21	2
9	344	7
10	346	7
11	363	7
12	362	7
13	32	4
14	164	4
15	167	4
16	53	4
17	337	4
18	174	5
19	293	5
20	281	5
21	208	5
22	295	6
23	299	6
24	59	6
25	298	6
26	174	8
27	385	8
28	101	8
29	137	9
30	135	9
31	217	10
32	235	10
33	140	10
34	195	11
35	146	11
36	32	8
37	61	9
38	328	11
39	358	23
40	222	23
41	9	23
42	11	14
43	214	14
44	352	15
45	289	15
46	248	15
47	271	16
48	106	16
49	270	16
50	40	18
51	384	18
52	287	18
53	72	17
54	108	17
55	181	17
56	115	17
57	355	12
58	174	12
59	309	12
60	254	12
61	344	20
62	346	20
63	385	20
64	280	20
65	52	13
66	165	13
67	166	13
68	61	24
69	249	24
70	251	24
71	253	24
72	53	21
73	293	21
74	295	21
75	129	21
76	174	19
77	349	19
78	66	19
79	16	19
80	291	22
81	175	22
82	200	22
83	49	25
84	284	25
85	112	25
86	113	25
87	51	25
88	110	25
89	32	14
90	155	21
91	372	19
92	12	26
93	310	26
94	194	26
95	250	26
96	76	26
97	103	26
98	377	27
99	32	27
100	162	28
101	145	28
102	187	28
103	359	29
104	252	29
105	255	29
106	150	29
107	111	29
108	201	27
109	351	31
110	189	31
111	90	31
112	134	30
113	348	30
114	26	30
115	308	33
116	307	33
117	193	33
118	380	33
119	62	32
120	306	32
121	364	32
122	354	30
123	178	30
124	174	30
125	173	34
126	227	34
127	8	34
128	177	34
129	313	34
130	231	34
131	3	34
132	183	34
133	15	34
134	357	34
135	158	34
136	279	34
137	257	34
138	95	34
139	361	34
140	120	34
141	343	34
142	124	34
143	191	34
144	128	34
145	277	34
146	160	34
147	286	34
148	118	34
149	300	34
150	56	34
151	61	34
152	229	36
153	239	36
154	376	36
155	87	36
156	172	36
157	44	35
158	46	35
159	93	35
160	122	35
161	374	35
162	273	37
163	336	37
164	204	37
165	48	37
166	100	38
167	97	38
168	32	40
169	36	40
170	205	34
171	142	34
172	143	34
173	141	34
174	156	34
175	153	34
176	7	34
177	283	34
178	220	34
179	323	34
180	91	34
181	83	34
182	102	41
183	334	41
184	161	41
185	81	42
186	288	42
187	371	42
188	61	43
189	359	43
190	22	43
191	377	44
192	198	44
193	207	44
194	174	45
195	369	45
196	236	45
197	32	46
198	212	46
199	210	46
200	170	46
201	70	47
202	264	47
203	242	47
204	4	47
205	339	47
206	72	47
207	381	47
208	275	53
209	64	53
210	338	53
211	114	50
212	266	50
213	116	50
214	366	50
215	267	51
216	12	51
217	341	51
218	259	51
219	265	51
220	261	54
221	329	54
222	61	54
223	213	54
224	263	54
225	258	54
226	71	52
227	216	52
228	355	52
229	174	48
230	215	48
231	218	48
232	32	48
233	89	48
234	247	55
235	10	55
236	148	55
237	243	56
238	39	56
239	240	56
240	73	56
241	82	57
242	199	57
243	246	58
244	379	58
245	186	58
246	174	59
247	32	59
248	169	59
249	168	59
250	331	59
251	11	57
252	105	61
253	221	61
254	163	61
255	152	61
256	38	61
257	109	61
258	382	61
259	350	62
260	281	62
261	174	62
262	67	62
263	29	62
264	32	60
265	345	60
266	347	60
267	297	63
268	294	63
269	130	63
270	233	60
271	42	67
272	370	67
273	321	67
274	367	67
275	174	68
276	217	68
277	27	68
278	304	68
279	212	69
280	235	69
281	69	69
282	52	69
283	32	70
284	219	70
285	383	70
286	378	70
287	170	71
288	333	72
289	77	72
290	23	73
291	154	73
292	325	73
293	132	74
294	55	74
295	54	74
296	180	76
297	209	76
298	74	72
299	104	71
300	50	71
301	359	72
302	174	73
303	32	74
304	377	76
305	61	76
306	202	76
307	187	76
308	318	77
309	316	77
310	319	77
311	314	77
312	320	78
313	315	78
314	365	78
315	317	78
316	174	79
317	61	79
318	281	79
319	30	79
320	33	79
321	332	80
322	79	80
323	84	80
324	232	80
325	151	80
326	174	81
327	78	81
328	75	81
329	353	81
330	61	82
331	32	82
332	208	82
333	303	82
334	37	83
335	311	83
336	326	83
337	49	83
338	12	84
339	102	84
340	333	84
341	77	84
342	237	84
343	268	84
344	241	85
345	162	85
346	195	85
347	174	87
348	377	87
349	179	87
350	125	87
351	107	86
352	24	86
353	61	88
354	32	88
355	355	88
356	309	88
357	269	88
358	131	89
359	149	89
360	80	84
361	133	86
362	245	90
363	126	90
364	147	90
365	37	91
366	63	91
367	174	92
368	13	92
369	324	92
370	217	93
371	52	93
372	367	93
373	174	94
374	32	94
375	27	94
376	208	95
377	302	95
378	18	95
379	377	96
380	41	96
381	136	97
382	65	97
383	174	98
384	138	98
385	139	99
386	386	100
387	223	101
388	225	101
389	68	101
390	174	101
391	212	102
392	190	102
393	224	102
394	5	103
395	292	103
396	188	103
397	174	105
398	274	105
399	25	105
400	327	104
401	4	105
402	244	104
403	215	106
404	218	106
405	196	106
406	261	106
407	262	107
408	114	107
409	340	107
410	267	107
411	12	107
412	329	107
413	184	34
414	282	35
415	185	36
416	322	37
417	98	38
418	144	39
419	58	40
\.


--
-- Data for Name: api_highschool; Type: TABLE DATA; Schema: public; Owner: neharix
--

COPY public.api_highschool (id, name, abbreviation, active, lat, lng, manager_id) FROM stdin;
4	Aba Annaýew adyndaky Halkara atçylyk akademiýasy	AHAA	t	37.95	58.38	6
5	Döwletmämmet Azady adyndaky Türkmen milli dünýä dilleri instituty	TMDDI	t	37.95	58.38	7
6	Halkara ynsanperwer ylymlary we ösüş uniwersiteti	HYYweOU	t	37.95	58.38	8
7	Magtymguly adyndaky Türkmen döwlet uniwersiteti	TDU	t	37.95	58.38	9
8	Maýa Kulyýewa adyndaky Türkmen milli konserwatoriýasy	TMK	t	37.95	58.38	10
9	Myrat Garryýew adyndaky Türkmenistanyň Döwlet lukmançylyk uniwersiteti	TDLU	t	37.95	58.38	11
10	S.A.Nyýazow adyndaky Türkmen oba hojalyk uniwersiteti	TOHU	t	37.95	58.38	12
11	Seýitnazar Seýdi adyndaky Türkmen döwlet mugallymçylyk instituty	S.Seydi TDMI	t	37.95	58.38	13
12	Türkmen döwlet ykdysadyýet we dolandyryş instituty	TDYweDI	t	37.95	58.38	14
13	Türkmen döwlet bedenterbiýe we sport instituty	TDBSI	t	37.95	58.38	15
14	Türkmen döwlet binagärlik-gurluşyk instituty	TDBGI	t	37.95	58.38	16
15	Türkmen döwlet maliýe instituty	TDMaI	t	37.95	58.38	17
16	Türkmen döwlet medeniýet  instituty	TDMI	t	37.95	58.38	18
17	Türkmen oba hojalyk instituty	TOHI	t	37.95	58.38	19
18	Türkmenistanyň Daşary işler ministrliginiň Halkara gatnaşyklary instituty	HGI	t	37.95	58.38	20
19	Türkmenistanyň Döwlet çeperçilik akademiýasy	TDÇA	t	37.95	58.38	21
20	Türkmenistanyň Döwlet energetika instituty	TDEI	t	37.95	58.38	22
21	Türkmenistanyň Inžener-tehniki we ulag kommunikasiýalary instituty	TITUKI	t	37.95	58.38	23
22	Türkmenistanyň Oguz han adyndaky Inžener-tehnologiýalar uniwersiteti	TITU	t	37.95	58.38	24
23	Türkmenistanyň Telekommunikasiýalar we informatika instituty	TT we II	t	37.95	58.38	25
24	Ýagşygeldi Kakaýew adyndaky Halkara nebit we gaz uniwersiteti	HNGU	t	37.95	58.38	26
\.


--
-- Data for Name: api_highschoolfaculty; Type: TABLE DATA; Schema: public; Owner: neharix
--

COPY public.api_highschoolfaculty (id, faculty_id, high_school_id) FROM stdin;
2	11	4
3	10	4
4	86	5
5	85	5
6	84	5
7	83	5
8	23	6
9	22	6
10	21	6
11	20	6
12	27	24
13	86	7
14	64	7
15	63	7
16	62	7
17	61	7
18	60	7
19	58	7
20	57	7
21	56	7
22	55	7
23	59	7
24	18	24
25	17	24
26	16	24
27	15	24
28	14	24
29	13	24
30	82	8
31	81	8
32	80	8
33	79	8
34	47	9
35	46	9
36	45	9
37	44	9
38	43	9
39	41	9
40	42	9
41	98	23
42	97	23
43	96	23
44	95	23
45	94	23
46	93	23
47	101	10
48	100	10
49	92	10
50	91	10
51	90	10
52	89	10
53	88	10
54	87	10
55	73	22
56	72	22
57	71	22
58	70	22
59	69	22
60	57	11
61	31	11
62	30	11
63	5	11
64	4	11
65	6	11
66	58	11
67	68	12
68	67	12
69	66	12
70	65	12
71	78	21
72	77	21
73	76	21
74	75	21
75	14	21
76	15	21
77	34	13
78	33	13
79	32	13
80	40	20
81	39	20
82	38	20
83	28	14
84	26	14
85	25	14
86	24	14
87	15	14
88	12	14
89	7	14
90	37	19
91	36	19
92	35	19
93	67	15
94	50	15
95	49	15
96	48	15
97	105	18
98	104	18
99	103	18
100	102	18
101	54	16
102	53	16
103	52	16
104	51	16
105	101	17
106	100	17
107	99	17
\.


--
-- Data for Name: api_nationality; Type: TABLE DATA; Schema: public; Owner: neharix
--

COPY public.api_nationality (id, name) FROM stdin;
1	Arap
2	Azerbeýjan
3	Başgyrt
4	Başkir
5	Berber
6	Buluç
7	Dargin
8	Ermeni
9	Eýran
10	Fars
11	Gagauz
12	Garagalpak
13	Gazak
14	Gruzin
15	Gumuk
16	Hindi
17	Komipermýak
18	Koreý
19	Kürt
20	Lak
21	Lakes
22	Lezgi
23	Mordwin
24	Nemes
25	Owgan
26	Osetin
27	Özbek
28	Pars
29	Poştun
30	Rus
31	Sygan
32	Tabasaran
33	Täjik
34	Tatar
35	Türk
36	Türkmen
37	Ukrain
38	Uýgur
\.


--
-- Data for Name: api_profile; Type: TABLE DATA; Schema: public; Owner: neharix
--

COPY public.api_profile (id, password, user_id) FROM stdin;
5	useradmin	1
6	ahaa2022	5
7	tmddi2022	6
8	hyyweou2022	7
9	tdu2022y	8
10	tmk2022y	9
11	tdlu2022	10
12	tohu2022	11
13	stdmi2022	12
14	tdywedi2022	13
15	tdbsi2022	14
16	tdbgi2022	15
17	tdmai2022	16
18	tdmi2022	17
19	tohi2022	18
20	hgi2022y	19
21	tdcha2022	20
22	tdei2022	21
23	tituki2022	22
24	titu2022	23
25	ttweii2022	24
26	hngu2022	25
\.


--
-- Data for Name: api_region; Type: TABLE DATA; Schema: public; Owner: neharix
--

COPY public.api_region (id, name) FROM stdin;
1	Ahal
2	Arkadag
3	Aşgabat
4	Balkan
5	Daşary ýurt welaýalary
6	Daşoguz
7	Lebap
8	Mary
\.


--
-- Data for Name: api_reinstaterequest; Type: TABLE DATA; Schema: public; Owner: neharix
--

COPY public.api_reinstaterequest (id, detail, request_date, verdict_date, verdict, is_obsolete, student_id, sender_id) FROM stdin;
\.


--
-- Data for Name: api_reinstaterequest_viewed_by; Type: TABLE DATA; Schema: public; Owner: neharix
--

COPY public.api_reinstaterequest_viewed_by (id, reinstaterequest_id, user_id) FROM stdin;
\.


--
-- Data for Name: api_specialization; Type: TABLE DATA; Schema: public; Owner: neharix
--

COPY public.api_specialization (id, name, abbreviation, active, classificator_id, degree_id) FROM stdin;
1	“Atçylyk” hünäri	A	t	4	2
2	“Atly sport we atly syýahatçylyk” taýýarlygyň ugry	AS we AS	t	4	3
3	“Buhgalterçilik hasaba alnyşy we audit” (oba hojalygynda) taýýarlygyň ugry	BHA we A	t	4	3
4	“Milli at üstündäki oýunlar” taýýarlygyň ugry	MAÜO	t	4	3
5	“Oba hojalygynyň ykdysadyýeti we dolandyrylyşy” taýýarlygyň ugry	OHG we D	t	4	3
6	“Seýisçilik” taýýarlygyň ugry	S	t	4	3
7	“Sirk sungaty” taýýarlygyň ugry	SS	t	4	3
8	“Weterinar lukmançylygy” hünäri	WL	t	4	2
9	“Weterinar sanitar ekspertizasy” taýýarlygyň ugry	WSE	t	4	3
10	Adaty däl we gaýtadan dikeldilýän energiýa çeşmeleri ( Hünärmen  5 ýyl )	AD we DEÇ	t	2	2
11	Agroekologiýa  (Hünärmen 5 ýyl )	A	t	4	2
12	Agroekologiýa ( Bakalawr  4 ýyl )	A	t	4	3
13	Agrohimiýa we agro topragy öwreniş  (Hünärmen 5 ýyl )	A we ATÖ	t	1	2
14	Agrohimiýa we agrotopragy öwreniş  (Hünärmen 5 ýyl )	A we ATÖ	t	1	2
15	Agrohimiýa we topragy öwreniş  (Hünärmen 5 ýyl )	A we TÖ	t	4	2
16	Agroinženerçilik   (Bakalawr 4 ýyl )	A	t	4	3
17	Agronomçylyk  (Hünärmen 5 ýyl )	A	t	4	2
18	Aktýorçylyk sungaty ( Hünärmen  5 ýyl )	AS	t	8	2
19	Aktýorçylyk sungaty (Bakalawr 4 ýyl)	AS	t	8	3
20	Aktýorçylyk sungaty (drama we kino aktýory)	AS	t	8	3
21	Aktýorçylyk sungaty (drama we kino aktýory) ( Bakalawr  4 ýyl )	AS	t	8	3
22	Aktýorçylyk sungaty (drama we kino aktýory) ( Bakalawr  4 ýyl )	AS	t	8	3
23	Aktýorçylyk sungaty (hünärmen 5 ýyl)	AS	t	8	2
24	Amaly geodeziýa ( Hünärmen  5 ýyl )	AG	t	2	2
25	Amaly informatika  (Hünärmen 5 ýyl )	AI	t	2	2
26	Amaly informatika ( Bakalawr 4 ýyl)	AI	t	2	3
27	Amaly matematika we informatika ( Bakalawr  4 ýyl )	AM weI	t	1	3
28	Amaly matematika we informatika ( Hünärmen  5 ýyl )	AM we I	t	1	2
29	Amaly matematika we informatika (inženerler üçin matematika) ( Bakalawr  4 ýyl )	AM we I	t	1	3
30	Animasiýa we grafika dizaýny ( Bakalawr  4 ýyl )	A we GD	t	2	3
31	Animasiýa we grafika dizaýny ( Hünärmen  6 ýyl )	A we GD	t	2	6
32	Aragatnaşyk torlary we kommutasiýa ulgamlary  (Hünärmen 5 ýyl )	AT we KU	t	2	2
33	Arap dili ( Bakalawr  4 ýyl )	AD	t	7	3
34	Arap dili ( Bakalawr  4 ýyl )	AD	t	7	2
35	Arap dili we edebiýaty ( Hünärmen  5 ýyl )	AD we E	t	7	2
36	Arassaçylyk we keselleriň ýaýramagyna garşy göreşmek  işi ( Hünärmen  6 ýyl )	A we KÝGGI	t	3	6
37	Arheologiýa ( Bakalawr  4 ýyl )	A	t	7	3
38	Arheologiýa ( Hünärmen  5 ýyl )	A	t	7	2
39	Art-menejment ( Bakalawr  4 ýyl )	AM	t	8	3
40	Astronomiýa ( Hünärmen  5 ýyl )	A	t	1	2
41	Atçylyk ( Bakalawr  4 ýyl )	A	t	4	3
42	Atçylyk ( Hünärmen  5 ýyl )	A	t	4	2
43	Ätiýaçlandyryş işi ( Bakalawr  4 ýyl )	ÄI	t	5	3
44	Ätiýaçlandyryş işi ( Hünärmen  5 ýyl )	ÄI	t	5	2
45	Awtomatika we tehniki ulgamlarda dolandyryş  (Hünärmen 5 ýyl )	A we TUD	t	2	2
46	Awtomatlaşdyrma we amaly informatika (Bakalawr 4 ýyl )	A we AI	t	2	3
47	Awtomatlaşdyrmak we dolandyrmak ( Bakalawr  4 ýyl )	A we D	t	2	3
48	Awtomatlaşdyrmak we dolandyrmak (oba hojalygynda)  (Bakalawr 4 ýyl )	A we D	t	2	3
49	Awtomatlaşdyrylan ulgamlaryň maglumat howpsuzlygynyň toplumlaýyn üpjünçiligi ( Hünärmen  5 ýyl )	AUMHTÜ	t	2	2
50	Awtomatlaşdyrylan ulgamlaryň we kompýuter tehnikasynyň programma üpjünçiligi ( Hünärmen  5 ýyl )	AU we KTPÜ	t	2	2
51	Awtomobil ulagynda gatnawlary guramak we dolandyrmak ( Hünärmen  5 ýyl )	AUGG we D	t	2	2
52	Awtomobil ỷollarynyň we uçuş meỷdançalarynyň gurluşygy ( Hünärmen  5 ýyl )	AÝ we UMG	t	2	2
53	Awtomobil ýollarynyň, köprüleriň we tonelleriň gurluşygy, ulanylyşy we tehniki abatlanylyşy ( Hünärmen  5 ýyl )	AÝK we TGU we TA	t	2	2
54	Awtomobil ýollarynyň, köprüleriň we tonnelleriň gurluşygy, ulanylyşy we tehniki taýdan abatlanylyşy (Hünärmen 5 ýyl)	AÝK we TGU we TTA	t	2	2
55	Awtomobiller we awtomobil hojalygy ( Hünärmen  5 ýyl )	A we AH	t	2	2
56	Aýdym sungaty ( Hünärmen  5 ýyl )	AS	t	8	2
57	Aýnanyň we sitallaryň himiki tehnologiýasy ( Hünärmen  5 ýyl )	A we SHT	t	2	2
58	Bagbançylyk, miweçilik we gök ekerançylyk ( Hünärmen  5 ýyl )	BM we GE	t	4	2
59	Bagşy ( Hünärmen  5 ýyl )	B	t	8	2
60	Baha kesmek işi ( Bakalawr  4 ýyl )	BKI	t	5	3
61	Baha kesmek işi ( Hünärmen  5 ýyl )	BKI	t	5	2
62	Bank işi ( Bakalawr 4 ýyl )	BI	t	1	3
63	Bank işi we maliýe ( Hünärmen  5 ýyl )	BI we M	t	5	2
64	Bank işi we pul dolanyşygy    ( Bakalawr  4 ýyl )	BI we PD	t	5	3
65	Başlangyç bilimiň mugallymçylygy we psihologiýasy ( Bakalawr  4 ýyl )	BBM we P	t	1	3
66	Başlangyç bilimiň mugallymçylygy we psihologiýasy ( Hünärmen  5 ýyl )	BBM we P	t	6	2
67	Bedenterbiýe ( Hünärmen  5 ýyl )	B	t	7	2
68	Bejeriş işi ( Hünärmen  6 ýyl )	BI	t	3	6
69	Bejeriş işi ( Hünärmen  6 ýyl )	BI	t	3	6
138	Durmuş işi (bakalawr 4 ýyl)	DI	t	4	3
70	Bilimi dolandyrmak ( Magisturatura  1 ýyl )	BD	t	1	5
71	Bilimi dolandyrmak ( Magisturatura  2 ýyl )	BD	t	1	1
72	Binagärlik ( Hünärmen  6 ýyl )	B	t	2	6
73	Binagärlik gurşawynyň dizaýny ( Hünärmen  5 ýyl )	BGD	t	2	2
74	Binagärlik gurşawynyň dizaýny ( Hünärmen  6 ýyl )	BGD	t	8	6
75	Binagärlik gurşawynyň dizaýny (binagärlik-çeper çözgüt) ( Hünärmen  6 ýyl )	BGD	t	1	6
76	Binagärlik we gurluşyk işlerinde raýat goranyşyny meýilleşdirmek ( Hünärmen  5 ýyl )	B we GIRGM	t	2	2
77	Binagärlik ýadygärlikleriniň rejelenilişi ( Hünärmen  6 ýyl )	BÝR	t	2	6
78	Biologiýa ( Hünärmen  5 ýyl )	B	t	1	2
79	Biolukmançylyk elektronikasy ( Bakalawr  4 ýyl )	BE	t	1	3
80	Biotehnologiýa ( Bakalawr  4 ýyl )	B	t	2	3
81	Birža işi ( Bakalawr  4 ýyl )	BI	t	5	3
82	Birža işi ( Hünärmen  5 ýyl )	BI	t	5	2
83	Biznes-dolandyryş  (Magisturatura 1 ýyl )	BD	t	1	5
84	Biznes-informatika  (Hünärmen 5 ýyl )	BI	t	1	2
85	Buhgalterçilik hasaba alnyşy we audit ( Bakalawr  4 ýyl )	BHA we A	t	5	3
86	Buhgalterçilik hasaba alnyşy we audit ( Bakalawr  4 ýyl )	BHA we A	t	5	2
87	Buhgalterçilik hasaba alnyşy we audit (energetika pudagynda) ( Bakalawr  4 ýyl )	BHA we A	t	4	3
88	Buhgalterçilik hasaba alnyşy we audit (energetika pudagynda) ( Hünärmen  5 ýyl )	BHA we A	t	5	2
89	Buhgalterçilik hasaba alnyşy we audit (oba hojalygynda)  (Bakalawr 4 ýyl )	BHA we A	t	5	3
90	Buhgalterçilik hasaba alnyşy we audit (oba hojalygynda) (Hünärmen 5 ýyl )	BHA we A	t	5	2
91	Çeper höwesjeň aýdym-saz toparyny döretmek we dolandyrmak	ÇHASTD we D	t	8	3
92	Dag işleri ( Bakalawr  4 ýyl )	DI	t	2	3
93	Dänäni gaýtadan işlemek ( Hünärmen  5 ýyl )	DGI	t	4	2
94	Daşary ýurt dili we edebiýaty (rus dili we edebiýaty) (Hünärmen 5 ýyl)	DÝD we E	t	7	2
95	Maglumat ulgamlary we tehnologiýalary (logistikada)  ( Hünärmen  5 ýyl )	MU we T	t	2	2
96	Maglumat ulgamlary we tehnologiýalary (nebitgaz pudagynda) ( Bakalawr  4 ýyl )	MU we T	t	2	3
97	Daşary ýurt dilleri we edebiýaty (hytaý dili we edebiýaty, iňlis dili) (Hünärmen 5 ýyl)	DÝD we E	t	7	2
98	Maglumat ulgamlary we tehnologiýalary (oba hojalygynda)  (Bakalawr 4 ýyl )	MU we T	t	2	3
99	Maglumat ulgamlary we tehnologiýalary (senagat pudagynda) ( Bakalawr  4 ýyl )	MU we T	t	2	3
100	Maglumat ulgamlary we tehnologiýalary (ykdysadyýetde we dolandyryşda) (Bakalawr 4 ýyl)	MU we T	t	2	3
101	Demir ýol ulagynda awtomatika, telemehanika we aragatnaşyk  (Hünärmen 5 ýyl )	DÝUAT WE A	t	2	2
102	Maglumat ulgamlary we torlary kafedrasy	MU we T	t	2	2
103	Demir ýol ulagynda gatnawlary guramak we hereketi dolandyrmak ( Hünärmen  5 ýyl )	DÝUGG WE HD	t	2	2
104	Maglumat we kommunikasiýa tehnologiýalary	M we KT	t	2	3
105	Maglumat we kommunikasiýa tehnologiýasy ( Bakalawr  4 ýyl )	M we KT	t	2	3
106	Demir ýollaryň elektrik üpjünçiligi ( Hünärmen  5 ýyl )	DÝEÜ	t	2	2
107	Maglumat we kommunikasiýa tehnologiýasy (senagat pudaklarynda) ( Bakalawr  4 ýyl )	M we KT	t	2	3
108	Demir ýollaryň gurluşygy, ýol we ýol hojalygy ( Hünärmen  5 ýyl )	DÝGÝ we ÝH	t	2	2
109	Demir ýollaryň hereket edýän düzümi ( Hünärmen  5 ýyl )	DÝHED	t	2	2
110	Dikeldiş işleri (görnüşleri boýunça)	DI	t	8	3
111	Dikeldiş we sport lukmançylygy ( Hünärmen  6 ýyl )	D we SL	t	3	6
112	Dizaýn ( Hünärmen  6 ýyl )	D	t	8	6
113	Döwlet we ýerli dolandyryş  ( Bakalawr  4 ýyl )	D we ÝD	t	5	3
114	Maglumat-ölçeýiş tehnikasy we tehnologiýasy ( Bakalawr  4 ýyl )	MÖT we T	t	2	3
115	Döwlet we ýerli dolandyryş ( Hünärmen  5 ýyl )	D we ÝD	t	5	2
116	Maglumat-ölçeýiş tehnikasy we tehnologiýasy ( Hünärmen  5 ýyl )	MÖT we T	t	2	2
117	Drama režissurasy ( Bakalawr  4 ýyl )	DR	t	8	3
118	Maglumatlary goramagyň tehniki serişdeleri ( Bakalawr  4 ýyl )	MGTS	t	2	3
119	Drama režissurasy ( Hünärmen  5 ýyl )	DR	t	8	2
120	Maglumatlary işläp taýýarlamagyň we dolandyrmagyň awtomatlaşdyrylan ulgamlary ( Hünärmen  5 ýyl )	MIT we DA	t	2	2
121	Dramaturgiýa ( Bakalawr  4 ýyl )	D	t	8	3
122	Makroykdysadyýet ( Hünärmen  5 ýyl )	M	t	5	2
123	Dramaturgiýa ( Hünärmen  5 ýyl )	D	t	8	2
124	Maldarçylyk ( Hünärmen  5 ýyl )	M	t	4	2
125	Maliýe ( Bakalawr  4 ýyl )	M	t	5	3
126	Dünýä  ykdysadyýeti  ( Bakalawr  4 ýyl )	DY	t	5	3
127	Maliýe ( Hünärmen  5 ýyl )	M	t	5	2
128	Dünýä  ykdysadyýeti ( Hünärmen  5 ýyl )	DY	t	5	2
129	Maliýe bazarlary we banklar ( Bakalawr  4 ýyl )	MB we B	t	5	3
130	Maliýe gözegçiligi ( Bakalawr  4 ýyl )	MG	t	5	3
131	Dünýä maliýe bazary ( Bakalawr  4 ýyl )	DMB	t	5	3
132	Maliýe gözegçiligi ( Hünärmen  5 ýyl )	MG	t	5	2
133	Dünýä maliýe bazary ( Hünärmen  5 ýyl )	DMB	t	5	2
134	Maliýe hukugy  ( Bakalawr  4 ýyl )	MH	t	5	3
135	Maliýe hukugy ( Hünärmen  5 ýyl )	MH	t	5	2
136	Dünýä ykdysadyýeti ( Magisturatura  1 ýyl )	DY	t	5	5
137	Maliýe menejmenti  ( Bakalawr  4 ýyl )	MM	t	5	3
139	Maliýe menejmenti ( Hünärmen  5 ýyl )	MM	t	5	2
140	Durmuş medeni işler (höwesjeň aýdym saz toparyny guramak we dolandyrmak) ( Bakalawr  4 ýyl )	DMI	t	8	3
141	Maliýe we karz ( Bakalawr  4 ýyl )	M we K	t	5	3
142	Durmuş medeni işler (medeni-köpçülik çärelerini guramak  we goýmak) ( Bakalawr  4 ýyl )	DMI	t	8	3
143	Marketing ( Bakalawr  4 ýyl )	M	t	5	3
144	Marketing ( Hünärmen  5 ýyl )	M	t	5	2
145	Durmuş-medeni işler (Çeper höwesjeňleriň aýdym-saz toparyny döretmek we dolandyrmak) (Bakalawr 4 yyl)	DMI	t	1	3
146	Markşeýder işi ( Hünärmen  5 ýyl )	MI	t	2	2
147	Ekologiýa ( Hünärmen  5 ýyl )	E	t	1	2
148	Mata önümçiligi ( Hünärmen  5 ýyl )	MÖ	t	2	2
149	Matematika ( Hünärmen  5 ýyl )	M	t	1	2
150	Ekologiýa we tebigatdan peýdalanmak ( Bakalawr  4 ýyl )	E we TP	t	1	3
151	Elektrik üpjünçiligi ( Hünärmen  5 ýyl )	EÜ	t	2	2
152	Materiallary öwrenmek we täze materiallaryň tehnologiýasy ( Bakalawr  4 ýyl )	MÖ we TMT	t	2	3
153	Elektrik we elektromehaniki enjamlaryň tehniki ulanylyşy, hyzmat edilişi we batlanylyşy ( Hünärmen  5 ýyl )	E we EETUHE we B	t	2	2
154	Medeni-köpçülik çärelerini guramak  we goýmak ( Hünärmen  5 ýyl )	MKÇG we G	t	8	2
155	Medeniýeti öwreniş ( Bakalawr  4 ýyl )	MÖ	t	8	3
156	Elektrik we ýylylyk energiýasyny öndürmegiň tehnologiýasy ( Hünärmen  5 ýyl )	E we ÝEÖT	t	2	2
157	Medeniýeti öwreniş ( Hünärmen  5 ýyl )	MÖ	t	8	2
158	Elektroenergetika ulgamlarynyň rele goragy we awtomatikasy ( Hünärmen  5 ýyl )	EURG we A	t	2	2
159	Mehatronika we robot tehnikasy ( Bakalawr  4 ýyl )	M we RT	t	2	3
160	Mekdebe çenli bilim we terbiýe ( Bakalawr  4 ýyl )	MÇB we T	t	1	3
161	Elektroenergetika we elektrotehnika ( Bakalawr  4 ýyl )	E we E	t	2	3
162	Mekdebe çenli bilim we terbiýe ( Hünärmen  5 ýyl )	MÇB we T	t	1	2
163	Melioratiw işleri mehanizmleşdirmek ( Hünärmen  5 ýyl )	MIM	t	4	2
164	Menejment ( Bakalawr  4 ýyl )	M	t	5	3
165	Menejment ( Hünärmen  5 ýyl )	M	t	5	2
166	Elektroenergetiki ulgamlar we torlar ( Hünärmen  5 ýyl )	EU we T	t	2	2
167	Menejment ( Magisturatura  2 ýyl )	M	t	5	1
168	Metallary basyş bilen işläp taýýarlamak ( Hünärmen  5 ýyl )	MBBIT	t	2	2
169	Elektroenergetiki ulgamlaryň rele goragy we awtomatikasy (Hünärmen 5 ýyl)	EURG we A	t	2	2
170	Metallary işäp bejermegiň tehnologiýasy we maşynlary ( Hünärmen  5 ýyl )	MIBT we M	t	2	2
171	Elektron howpsuzlyk ulgamlary  (Hünärmen 5 ýyl )	EHU	t	2	2
172	Meteorologiýa ( Hünärmen  5 ýyl )	M	t	1	2
173	Elektron işewürligiňiň ykdysadyýeti  ( Bakalawr  4 ýyl )	EIY	t	2	3
174	Metrologiýa, standartlaşdyrmak we sertifikatlaşdyrmak (senagat pudagynda)  ( Hünärmen  5 ýyl )	MS we S	t	1	2
175	Elektron işewürligiňiň ykdysadyýeti ( Hünärmen  5 ýyl )	EIY	t	2	2
176	Mikrobiologiýa ( Bakalawr  4 ýyl )	M	t	1	3
177	Elektron täjirçiligi   ( Bakalawr  4 ýyl )	ET	t	1	3
178	Mikroelektronika we ýarym geçiriji abzallar ( Bakalawr  4 ýyl )	M we ÝGA	t	2	3
179	Elektron täjirçiligi ( Hünärmen  5 ýyl )	ET	t	1	2
180	Mikroelektronika we ýarymgeçirijili abzallar ( Hünärmen  5 ýyl )	M we ÝGA	t	2	2
181	Milli tans toparyny guramak we dolandyrmak ( Hünärmen  5 ýyl )	MTTG we D	t	8	2
182	Elektronika we nanoelektronika ( Bakalawr  4 ýyl )	E we N	t	2	3
183	Milli ykdysadyýet ( Magisturatura  1 ýyl )	MY	t	5	5
184	Miniatýura nakgaşçylygy ( Hünärmen  6 ýyl )	MN	t	8	6
185	Emeli aň we ekspert ulgamlary ( Bakalawr  4 ýyl )	EA we EU	t	1	3
186	Miwe-gök önümlerini gaýtadan işlemek ( Hünärmen  5 ýyl )	MGÖGI	t	4	2
187	Energiýany tygşytlamagyň tehnologiýalary (Hunarmen 5 yyl)	ETT	t	1	2
188	Mobil we tor inžiniring ( Bakalawr  4 ýyl )	M we TI	t	2	3
189	Monumental nakgaşçylygy ( Hünärmen  6 ýyl )	MN	t	8	6
190	Eremesi kyn metal däl we silikat materiallarynyň himiki tehnologiýasy ( Hünärmen  5 ýyl )	EKMD we SMHT	t	2	2
191	Estrada sungaty ( Hünärmen  5 ýyl )	ES	t	8	2
192	Muzeologiýa, medeni we tebigy miras ýadygärliklerini goramak ( Bakalawr  4 ýyl )	MM we TÝG	t	8	3
193	Muzeologiýa, medeni we tebigy miras ýadygärliklerini goramak ( Hünärmen  5 ýyl )	MM we TÝG	t	8	2
194	Muzeý öwreniş hem-de medeni we tebigy miras ýadygärliklerini goramak	MÖM we TMÝG	t	8	3
195	Et-süýt önümlerini gaýtadan işlemek ( Hünärmen  5 ýyl )	ESÖGI	t	4	2
196	Muzeýi öwreniş hem-de medeni we tebigy miras ýadygärliklerini goramak  (Bakalwr 4ýyl)	MÖM we TMÝG	t	8	3
197	Farmasiýa ( Hünärmen  5 ýyl )	F	t	3	2
198	Myhmanhana  (Bakalawr 4 ýyl )	M	t	5	3
199	Myhmanhana  işewürligi ( Hünärmen  5 ýyl )	MI	t	5	2
200	Myhmanhana işi (Bakalawr 4 yyl)	MI	t	1	3
201	Nanomateriallar ( Bakalawr  4 ýyl )	N	t	2	3
202	Nebit we gaz guýularyny burawlamak ( Hünärmen  5 ýyl )	N we GB	t	2	2
203	Filmiň şekillendiriş çözgüdi ( Hünärmen  6 ýyl )	FŞÇ	t	8	6
204	Nebit-gaz känlerini özleşdirmek we ulanmak ( Hünärmen  5 ýyl )	NGKÖ we U	t	2	2
205	Filologiýa (tehniki iňlis dili we ýapon dili) ( Bakalawr  4 ýyl )	F	t	7	3
206	Nebit, gaz känleriniň maşynlary we enjamlary ( Hünärmen  5 ýyl )	NGKM we E	t	2	2
207	Nebitgaz desgalary we senagat gurluşygy ( Hünärmen  5 ýyl )	NGD we SG	t	2	2
208	Nebitgaz işi ( Bakalawr  4 ýyl )	NGI	t	2	3
209	Filologiýa (tehniki iňlis dili we ýapon dili) ( Bakalawr  4 ýyl )	F	t	7	3
210	Nebitgaz işi ( Magistratura  2 ýyl )	NI	t	1	1
211	Filosofiýa ( Bakalawr  4 ýyl )	F	t	7	3
212	Nebitgazgeçirijilerini we nebitgazyň saklanýan ýerlerini taslamak, gurmak we ulanmak ( Hünärmen  5 ýyl )	NGG we NSÝTG we U	t	2	2
213	Filosofiýa ( Hünärmen  5 ýyl )	F	t	7	2
214	Nebiti we gazy gaýtadan işlemegiň himiki tehnologiýasy ( Hünärmen  5 ýyl )	N we GGIHT	t	2	2
215	Fizika ( Hünärmen  5 ýyl )	F	t	1	2
216	Nebitiň we gazyň geologiýasy ( Hünärmen  5 ýyl )	N we GG	t	2	2
217	Nemes dili  ( Bakalawr  4 ýyl )	ND	t	7	3
218	Nemes dili ( Hünärmen  5 ýyl )	ND	t	7	2
219	Folklor toparyny guramak we dolandyrmak ( Hünärmen  5 ýyl )	FTG we D	t	8	2
220	Nemes dili we edebiýaty ( Hünärmen  5 ýyl )	ND we E	t	7	2
221	Oba hojalygy (inžener-mugallymlary taýýarlamak) ( Hünärmen  5 ýyl )	OH	t	4	2
222	Fortepiano ( Hünärmen  5 ýyl )	F	t	8	2
223	Oba hojalygynda buhgalterçilik hasaba alnyşy we audit ( Hünärmen  5 ýyl )	OHBHA we A	t	1	2
224	Fransuz dili  ( Bakalawr  4 ýyl )	FD	t	7	3
225	Fransuz dili  ( Hünärmen  5 ýyl )	FD	t	7	2
226	Oba hojalygynda maglumat ulgamlary ( Hünärmen  5 ýyl )	OHMU	t	4	2
228	Fransuz dili we edebiýaty ( Hünärmen  5 ýyl )	FD we E	t	7	2
229	Oba hojalygynyň ykdysadyýeti   (Hünärmen 5 ýyl )	OHY	t	4	2
230	Gämi gurluşygy ( Hünärmen  5 ýyl )	GG	t	2	2
231	Oba hojalygynyň ykdysadyýeti we dolandyrylyşy ( Bakalawr  4 ýyl )	OHY we D	t	1	3
233	Gämi sürmekli ( Hünärmen  5 ýyl )	GS	t	2	2
234	Oba hojalyk önümlerini gaýtadan işlemegiň tehnologiýasy	OHÖGIT	t	4	3
235	Önümçiligiň we tehnologiýa prosesleriniň awtomatlaşdyrylyşy  (Hünärmen 5 ýyl )	Ö we TPA	t	2	2
236	Gämileriň energetiki desgalarynyň ulanylyşy ( Hünärmen  5 ýyl )	GEDU	t	2	2
237	Gazturbina desgalary we dwigatelleri ( Hünärmen  5 ýyl )	GD we D	t	2	2
238	Gazturbina desgalary we gazkompressor stansiýalary ( Hünärmen  5 ýyl )	GD we GS	t	2	2
239	Gazylyp alynýan peýdaly magdan känlerini özleşdirmek ( Hünärmen  5 ýyl )	GAPMKÖ	t	2	2
240	Önümçiligiň we tehnologiýa prosesleriniň awtomatlaşdyrylyşy ( Bakalawr  4 ýyl )	Ö we TPA	t	2	3
241	Gazylyp alynýan peýdaly magdanlary baýlaşdyrmak ( Hünärmen  5 ýyl )	GAPMB	t	2	2
242	Önümçiligiň ykdysadyýeti we guralyşy (jemgyýetçilik iýmitinde) ( Bakalawr 4 ýyl )	ÖY we G	t	1	3
243	Gazylyp alynýan peýdaly magdanlaryň geologiýasy we gözlegi ( Bakalawr  4 ýyl )	GAPMG we G	t	2	3
244	Önümçiligiň ykdysadyýeti we guralyşy (senagat pudagynda) ( Bakalawr 4ýyl )	ÖY we G	t	1	3
245	Önümiň tehnologiýasy we jemgyýetçilik iýmitini guramak  ( Bakalawr  4 ýyl )	ÖT we JIG	t	2	3
246	Genetika we bioinžiniring ( Bakalawr  4 ýyl )	G we B	t	1	3
247	Opera sungaty ( Hünärmen  5 ýyl )	OS	t	8	2
248	Geografiýa ( Hünärmen  5 ýyl )	G	t	1	2
249	Operatorçylyk işi we montaž režissurasy	OI we MR	t	8	3
250	Organiki däl maddalaryň himiki tehnologiýasy ( Hünärmen  5 ýyl )	ODMHT	t	2	2
251	Orkestr dirižýorlygy ( Hünärmen  5 ýyl )	OD	t	8	2
252	Geologik kartalaşdyrma we magdan ýataklarynyň gözlegi ( Hünärmen 5  ýyl )	GK we MÝG	t	1	2
253	Gidrogeologiýa we inžener geologiýasy ( Hünärmen  5 ýyl )	G we IG	t	2	2
254	Ösümlik ýagyny öndürmek ( Hünärmen  5 ýyl )	ÖÝÖ	t	4	2
255	Gidromeliorasiýa  (Hünärmen 5 ýyl )	G	t	4	2
256	Ösümlikleri goramak ( Hünärmen  5 ýyl )	ÖG	t	4	2
257	Öýjük we molekulýar biologiýa ( Bakalawr  4 ýyl )	Ö we MB	t	1	3
258	Gidromelioratiw ulgamlarynyň ulanylyşy  (Bakalawr 4 ýyl )	GUU	t	4	3
259	Pagtanyň ilkinji işlenilişi ( Hünärmen  5 ýyl )	PII	t	4	2
260	Gidromelioratiw ulgamlarynyň ulanylyşy (Hünärmen 5 ýyl )	GUU	t	4	2
261	Pars dili ( Bakalawr  4 ýyl )	PD	t	7	3
262	Gidrotehniki desgalar   (Bakalawr 4 ýyl )	GD	t	4	3
263	Pars dili ( Hünärmen  5 ýyl )	PD	t	7	2
264	Pars dili we edebiýaty ( Hünärmen  5 ýyl )	PD we E	t	7	2
265	Göteriji-äkidiji, gurluşyk, ýol maşynlary we enjamlary ( Hünärmen  5 ýyl )	GÄGÝM we E	t	2	2
266	Pedagogika bilimi (arap dili, türkmen dili we edebiýat) ( Bakalawr  4 ýyl )	PB	t	6	3
267	Pedagogika bilimi (fransuz we iňlis dilleri) ( Bakalawr  4 ýyl )	PB	t	6	3
268	Göteriji-äkidiji, ýöriteleşdirilen maşynlar we enjamlar ( Hünärmen 5 ýyl )	GÄÝM we E	t	2	2
269	Gozgalmaýan emläkleriň ekspertizasy we dolandyrylyşy ( Bakalawr  4 ýyl )	GEE we D	t	2	3
270	Oba hojalyk ekinleriniň seçgisi we tohumçylygy  (Hünärmen 5 ýyl )	OHES we T	t	4	2
227	Oba hojalygyny mehanizmleşdirmek  (Hünärmen 5 ýyl )	OHM	f	4	2
271	Gozgalmaýan emläkleriň ekspertizasy we dolandyrylyşy ( Hünärmen  5 ýyl )	GEE we D	t	2	2
272	Grim ( Hünärmen  5 ýyl )	G	t	8	2
273	Gündogary öwreniş ( Hünärmen  5 ýyl )	GÖ	t	5	2
275	Gündogary öwreniş ( Magistratura 1 ýyl )	GÖ	t	5	5
276	Gurjak teatrynyň aktýory ( Hünärmen  5 ýyl )	GTA	t	8	2
277	Önümçiligiň we tehnologiýa prosesleriniň awtomatlaşdyrylyşy  (Hünärmen 5 ýyl )	Ö we TPA	t	2	2
278	Gurluşyk materiallaryny, önümlerini we konstruksiýalaryny öndürmek ( Hünärmen  5 ýyl )	GMÖ we KÖ	t	2	2
279	Önümçiligiň we tehnologiýa prosesleriniň awtomatlaşdyrylyşy ( Bakalawr  4 ýyl )	Ö we TPA	t	2	3
280	Gymmatly kagyzlaryň bazary  ( Bakalawr  4 ýyl )	GKB	t	5	3
281	Gymmatly kagyzlaryň bazary ( Hünärmen  5 ýyl )	GKB	t	5	2
282	Önümçiligiň we tehnologiýa prosesleriniň awtomatlaşdyrylyşy ( Bakalawr  4 ýyl )	Ö we TPA	t	2	3
283	Önümçiligiň ykdysadyýeti we guralyşy (jemgyýetçilik iýmitinde) ( Bakalawr 4 ýyl )	ÖY we G	t	1	3
284	Önümçiligiň ykdysadyýeti we guralyşy (senagat pudagynda) ( Bakalawr 4ýyl )	ÖY we G	t	1	3
285	Halk saz gurallary ( Hünärmen  5 ýyl )	HSG	t	8	2
232	Oba hojalyk ekinleriniň seçgisi we tohumçylygy  (Hünärmen 5 ýyl )	OHES we T	f	4	2
274	Oba hojalyk önümlerini gaýtadan işlemegiň tehnologiýasy	OHÖGIT	f	4	3
286	Halkara gatnaşyklary ( Bakalawr 4 ýyl )	HG	t	5	3
287	Telewideniýe (operatorçylyk işi we montažyň režissurasy) ( Bakalawr  4 ýyl )	T	t	5	3
288	Telewideniýe (teleradiogepleşikleri guramak we alyp barmak ( Bakalawr  4 ýyl )	T	t	5	3
289	Telewideniýe (telewideniýe režissurasy) (Bakalawr 4 ýyl )	T	t	5	3
290	Telewideniýe režissurasy ( Hünärmen  5 ýyl )	TR	t	8	2
291	Halkara gatnaşyklary we diplomatiýa ( Hünärmen 5 ýyl )	HG we D	t	1	2
292	Telewideniýe žurnalistikasy ( Bakalawr  4 ýyl )	TŽ	t	5	3
293	Halkara gatnaşyklary we dünýä syýasaty ( Bakalawr  4 ýyl )	HG we DS	t	5	3
294	Halkara hukugy ( Bakalawr 4 ýyl )	HH	t	5	3
295	Terjime we terjimeçilik işi (iňlis dili) ( Bakalawr  4 ýyl )	TweTI	t	7	3
296	Pedagogika bilimi (geografiýa we ykdysadyýetiň esaslary) ( Bakalawr  4 ýyl )	PB	t	6	3
297	Halkara hukugy ( Hünärmen 5 ýyl  )	HH	t	5	2
298	Terjime we terjimeçilik işi (rus dili) ( Bakalawr  4 ýyl )	TweTI	t	7	3
299	Pedagogika bilimi (hindi dili, türkmen dili we edebiýaty ( Bakalawr  4 ýyl )	PB	t	6	3
300	Halkara hususy hukugy ( Bakalawr  4 ýyl )	HHH	t	5	3
301	Pedagogika bilimi (hytaý dili we edebiýaty, türkmen dili we edebiýaty) (Hünärmen 5 ýyl)	PB	t	6	2
302	Tikinçilik önümçiliginiň tehnologiýasy ( Hünärmen  5 ýyl )	TÖT	t	2	2
303	Pedagogika bilimi (hytaý dili, türkmen dili we edebiýaty) ( Bakalawr  4 ýyl )	PB	t	6	3
304	Halkara hususy hukugy ( Magistratura 1 ýyl  )	HHH	t	5	5
305	Tokaý we seýil bag hojalygy ( Hünärmen  5 ýyl )	TweSBH	t	4	2
306	Pedagogika bilimi (informatika we bilimde maglumat tehnologiýalary) ( Bakalawr  4 ýyl )	PB	t	6	3
307	Töwekgelçilikleri dolandyrmak we ätiýaçlandyryş işi ( Bakalawr  4 ýyl )	TDweÄI	t	5	3
308	Halkara jemagat hukugy ( Bakalawr  4 ýyl )	HJH	t	5	3
309	Pedagogika bilimi (iňlis dili) ( Bakalawr  4 ýyl )	PB	t	6	3
310	Türk dili ( Hünärmen  5 ýyl )	TD	t	7	6
311	Halkara jemagat hukugy ( Magistratura 1 ýyl )	HJH	t	5	5
312	Pedagogika bilimi (ispan we iňlis dilleri) ( Bakalawr  4 ýyl )	PB	t	6	3
313	Türk dili (Bakalawr 4 ýyl )	TD	t	7	3
314	Pedagogika bilimi (italýan we iňlis dilleri) ( Bakalawr  4 ýyl )	PB	t	6	3
315	Türk dili we edebiýaty ( Hünärmen  5 ýyl )	TDweE	t	7	2
316	Pedagogika bilimi (koreý dili, türkmen dili we edebiýaty) ( Bakalawr  4 ýyl )	PB	t	6	3
317	Türkmen dili we edebiýaty ( Hünärmen  5 ýyl )	TDweE	t	7	2
318	Pedagogika bilimi (matematika we informatika) ( Bakalawr  4 ýyl )	PB	t	6	3
319	Türkmen dilini okatmagyň usulyýeti ( Bakalawr  4 ýyl )	TDOU	t	7	3
320	Halkara maliýe ( Bakalawr  4 ýyl )	HM	t	5	3
321	Pedagogika bilimi (nemes we iňlis dilleri) ( Bakalawr  4 ýyl )	PB	t	6	3
322	Türkmen sazy ( Hünärmen  5 ýyl )	TS	t	8	2
323	Pedagogika bilimi (pars dili, türkmen dili we edebiýaty ( Bakalawr  4 ýyl )	PB	t	6	3
324	Halkara menejment ( Bakalawr  4 ýyl )	HM	t	5	3
325	Uçuş apparatlaryň we hereketlendirijileriň tehniki ulanylyşy (Bakalawr 4ýyl)	UAweHTU	t	2	3
326	Halkara söwda	HS	t	1	3
327	Halkara täjirçiligi ( Bakalawr  4 ýyl )	HT	t	5	3
328	Uçuş apparatlaryň we hereketlendirijileriň tehniki ulanylyşy (Hünärmen 5ýyl)	UAweHTU	t	1	2
329	Halkara täjirçilik	HT	t	6	2
330	Halkara ykdysady gatnaşyklary ( Hünärmen 5 ýyl  )	HYG	t	5	2
331	Uçuş enjamlarynyň we hereketlendirijileriniň tehniki ulanylyşy ( Hünärmen  5 ýyl )	UEweHTU	t	2	2
332	Halkara ykdysadyýeti ( Bakalawr 4 ýyl )	HY	t	5	3
333	Pedagogika bilimi (rus dili we edebiýaty) ( Bakalawr  4 ýyl )	PB	t	6	3
334	Üflenip we kakylyp çalynýan saz gurallary ( Hünärmen  5 ýyl )	ÜweKÇSG	t	8	2
335	Pedagogika bilimi (türk dili, türkmen dili we edebiýaty ( Bakalawr  4 ýyl )	PB	t	6	3
336	Halkara žurnalistikasy ( Hünärmen 5 ýyl )	HŽ	t	5	2
337	Uglewodorod gazlaryny gaýtadan işlemegiň tehnologiýasy ( Magistratura  2 ýyl )	UGGIT	t	1	1
338	Halyçylyk sungaty ( Hünärmen  6 ýyl )	HS	t	8	6
339	Pedagogika bilimi (türkmen dili we edebiýaty ( Bakalawr  4 ýyl )	PB	t	6	3
340	Ulag pudagynyň ykdysadyýeti we dolandyrlyşy(HBakalawt  4ýyl)	UPYweD	t	1	3
341	Pedagogika bilimi (ýapon dili, türkmen dili we edebiýaty) ( Bakalawr  4 ýyl )	PB	t	6	3
342	Ulag pudagynyň ykdysadyýeti we dolandyrlyşy(Hünätmen 5ýyl)	UPYweD	t	1	2
343	Harytşynaslyk ( Bakalawr  4 ýyl )	H	t	5	3
344	Pediatriýa ( Hünärmen  6 ýyl )	P	t	3	6
345	Harytşynaslyk we harytlaryň ekspertizasy ( Hünärmen  5 ýyl )	H we HE	t	5	2
346	Peýdaly magdanlary gözlemegiň we barlamagyň geofiziki usullary ( Hünärmen  5 ýyl )	PMG we BGU	t	2	2
347	Plakat grafikasy ( Hünärmen  6 ýyl )	PG	t	8	6
348	Hasaplaýyş torlarynyň programma üpjünçiligi ( Hünärmen  5 ýyl )	HTPÜ	t	2	2
349	Portlaryň we ulag menzilleriniň ýükleýiş-düşüriş enjamlarynyň ulanylyşy ( Hünärmen  5 ýyl )	P we UMÝDEU	t	2	2
350	Häzirkizaman tehnologiýalaryň fizikasy ( Bakalawr  4 ýyl )	HTF	t	1	3
351	Ulag we aragatnasyk karhanalarynda  ykdysadyyet we dolandyrys  (Hünärmen 5 ýyl )	UweAKYweD	t	1	2
352	Hereketli obýektler bilen aragatnaşyk serişdeleri (Hünärmen 5 ýyl )	HOBAS	t	2	2
353	Wagonlar ( Hünärmen  5 ýyl )	W	t	2	2
354	Programma inženerligi ( Bakalawr  4 ýyl )	PI	t	2	3
355	Weterinar lukmançylygy  (Hünärmen 5 ýyl )	WL	t	4	2
356	Programma inženerligi ( Hünärmen  5 ýyl )	PI	t	2	2
357	Ýapon dili ( Bakalawr  4 ýyl )	ÝD	t	7	3
358	Ýapon dili ( Hünärmen  5 ýyl )	ÝD	t	7	2
359	Ýaşaýyş jaý hojalygy we jemagat infrastrukturasy ( Hünärmen  5 ýyl )	ÝJHweJI	t	2	2
360	Psihologiýa ( Hünärmen  5 ýyl )	P	t	5	2
361	Ýer gurluşygy we kadastrlar   (Bakalawr 4 ýyl )	ÝGweK	t	2	3
362	Heýkeltaraşlyk ( Hünärmen  6 ýyl )	H	t	8	6
363	Ýer gurluşygy we kadastrlar (Hünärmen 5 ýyl )	ÝGweK	t	1	2
364	Psihologiýa-pedagogiki bilimi ( Magisturatura  1 ýyl )	PPB	t	6	5
365	Hili dolandyrmak  ( Bakalawr  4 ýyl )	HD	t	2	3
366	Ýer gurluşygy we kadastry (Hünärmen 5 ýyl )	ÝGweK	t	2	2
367	Pul dolanyşygy we karz ( Hünärmen  5 ýyl )	PD we K	t	5	2
368	Hili dolandyrmak ( Hünärmen  5 ýyl )	HD	t	2	2
370	Himiki inžiniring ( Bakalawr  4 ýyl )	HI	t	2	3
371	Radioaragatnaşyk, radioýaýlym we telewideniýe  (Hünärmen 5 ýyl )	RR we T	t	2	2
372	Himiki tehnologiýa ( Bakalawr  4 ýyl )	HT	t	2	3
373	Radioelektron ulgamlary we toplumlary (Hünärmen 5 ýyl )	RU we T	t	2	2
369	Ýer ulanyş  ( Hünärmen 5 ýyl )	ÝU	t	4	2
374	Himiýa ( Hünärmen 5 ýyl )	H	t	1	2
375	Ýerüsti dag işleri ( Hünärmen  5 ýyl )	ÝDI	t	2	2
376	Radiofizika we elektronika ( Hünärmen  5 ýyl )	R we E	t	1	2
377	Ýerüsti ulag – tehnologiki serişdeleri ( Bakalwar 4 ýyl )	ÝUTS	t	1	3
378	Ýerüsti ulag – tehnologiki serişdeleri ( Hünärmen  5 ýyl )	ÝUTS	t	2	2
379	Himiýa önümçiliginiň we gurluşyk materiallary kärhanalarynyň maşynlary we apparatlary ( Hünärmen  5 ýyl )	HÖ we GMKM we A	t	2	2
380	Ýerüsti ulag–tehnologiki serişdeler(Hünärmen 5ýyl)	ÝUTS	t	1	2
381	Ykdysady howpsuzlyk  ( Bakalawr  4 ýyl )	YH	t	5	3
382	Ykdysady howpsuzlyk ( Hünärmen  5 ýyl )	YH	t	5	2
383	Himiýa senagatynda we ulanylyşynda raýat goranyşy ( Hünärmen  5 ýyl )	HS we URG	t	5	2
384	Ykdysady informatika ( Hünärmen  5 ýyl )	YI	t	5	2
385	Himiýa tehnologiýasy (nebitgaz pudagynda) ( Bakalawr  4 ýyl )	HT	t	2	3
386	Ykdysady kibernetika  ( Bakalawr  4 ýyl )	YK	t	5	3
387	Ykdysady kibernetika ( Hünärmen  5 ýyl )	YK	t	5	2
388	Hindi dili ( Bakalawr  4 ýyl )	HD	t	7	3
389	Hindi dili ( Hünärmen  5 ýyl )	HD	t	7	2
390	Hor dirižýorlygy ( Hünärmen  5 ýyl )	HD	t	8	2
391	Horeografiýa sungaty (folklor toparyny döretmek we dolandyrmak)	HS	t	8	3
392	Horeografiýa sungaty (milli tans toparyny döretmek we dolandyrmak)	HS	t	8	3
393	Horeografiýa sungaty (milli tans toparyny guramak we dolandyrmak) ( Bakalawr  4 ýyl )	HS	t	8	3
394	Horeografiýa sungaty(folklor toparyny guramak we dolandyrmak) ( Bakalawr  4 ýyl )	HS	t	8	3
395	Howa gämileriniň awiasion we radioelektron enjamlaryny tehniki taýdan ulanmak ( Hünärmen  5 ýyl )	HGA we RETTU	t	2	2
396	Ykdysadyýet ( Bakalawr  4 ýyl )	Y	t	1	3
397	Ykdysadyýet ( Bakalawr  4 ýyl )	Y	t	5	3
398	Howa gämileriniň awiasiýa we radioelektron enjamlarynyň tehniki ulanylyşy (Bakalawr 4yyl)	HGA we RETU	t	2	3
399	Ykdysadyýet ( Magisturatura  2 ýyl )	Y	t	5	1
400	Ykdysadyýet (oba hojalygynda) ( Bakalawr  4 ýyl )	Y	t	5	3
401	Howa gämileriniň awiasiýa we radioelektron enjamlarynyň tehniki ulanylyşy (Hünärmen 5ýyl)	HGA we RETU	t	1	2
402	Ykdysadyýet we  hukuk  ( Bakalawr  4 ýyl )	YH	t	5	3
403	Ykdysadyýet we dolandyrylyş ( Hünärmen  5 ýyl )	YD	t	5	2
404	Howa hereketiniň dolandyrylyşy ( Bakalawr 4 ýyl )	HHD	t	2	3
405	Ykdysadyýet we dolandyrylyş (energetika pudagynda) ( Bakalawr  4 ýyl )	YD	t	4	3
406	Ykdysadyýet we dolandyrylyş (energetika pudagynda) ( Hünärmen  5 ýyl )	YD	t	5	2
407	Howa hereketiniň dolandyrylyşy ( Hünärmen  5 ýyl )	HHD	t	2	2
408	Ykdysadyýet we dolandyrylyş (senagat pudagynda) ( Bakalawr  4 ýyl )	YD	t	5	3
409	Ykdysadyýet we dolandyryş ( Bakalawr  4 ýyl )	YD	t	5	3
410	Howa ulagynda gatnawlary guramak we dolandyrmak ( Bakalawr 4 ýyl )	HUGG we D	t	1	3
411	Ykdysadyýet we dolandyryş ( Hünärmen  5 ýyl )	YD	t	5	2
412	Ykdysadyýet we dolandyryş (medeniýet ulgamynda) ( Bakalawr  4 ýyl )	YD	t	5	3
413	Ykdysadyýet we dolandyryş (medeniýet ulgamynda) ( Hünärmen  5 ýyl )	YD	t	5	2
414	Ykdysadyýet we dolandyryş (nebitgaz pudagynda) ( Bakalawr  4 ýyl )	YD	t	5	3
415	Howa ulagynda gatnawlary guramak we dolandyrmak ( Hünärmen  5 ýyl )	HUGG we D	t	2	2
416	Ykdysadyýet we dolandyryş (nebitgaz pudagynda) ( Hünärmen  5 ýyl )	YD	t	5	2
417	Sirk sungaty ( Hünärmen  5 ýyl )	SS	t	8	2
418	Ykdysadyýet we dolandyryş (oba hojalygynda)   (Bakalawr 4 ýyl )	YD	t	5	3
419	Ykdysadyýet we hojalyk hukugy ( Hünärmen  5 ýyl )	YHH	t	5	2
420	Sosiologiýa ( Bakalawr  4 ýyl )	S	t	5	3
421	Ykdysadyýet we hukuk (Hünärmen 5 ýyl)	YH	t	5	2
422	Sosiologiýa we durmuş işi (Taýýarlyk ugry durmuş işi) (Bakalawr 4 ýyl)	S we DI	t	5	3
423	Ykdysadyýetde we dolandyryşda maglumat ulgamlary ( Hünärmen  5 ýyl )	YDMU	t	5	2
424	Sowadyjy, kompressor maşynlary we desgalary ( Hünärmen  5 ýyl )	SKM we D	t	2	2
425	Ylahyýet ( Hünärmen  5 ýyl )	Y	t	7	2
426	Ylmyň we tehnikanyň maglumat üpjünçiligi ( Hünärmen  5 ýyl )	YTMÜ	t	5	2
427	Söwdada we logistikada sanly tehnologiýalar   ( Bakalawr  4 ýyl )	S we LST	t	1	3
428	Ýol gurluşygy işlerinde raýat goranyşy ( Hünärmen  5 ýyl )	ÝGIRG	t	5	2
429	Rejelemek işi ( Bakalawr  4 ýyl )	RI	t	8	3
430	Ýörite maksatly inžener ulgamlary we desgalary ( Hünärmen  5 ýyl )	ÝMIUD	t	2	2
431	Sport ( Hünärmen  5 ýyl )	S	t	7	2
432	Ýöriteleşdirilen bilim (defektologiýa)  (Bakalawr 4 ýyl)	ÝB	t	1	3
433	Resminama we arhiw öwreniş ( Bakalawr  4 ýyl )	R we AÖ	t	7	3
434	Höwesjeň aýdym saz toparyny guramak we dolandyrmak ( Hünärmen  5 ýyl )	HASTG we D	t	8	2
435	Sport desgalary dolandyrmak ( Hünärmen  5 ýyl )	SDD	t	5	2
436	Yşyk bilen bezemek ( Hünärmen  5 ýyl )	YBB	t	8	2
437	Hukuk öwreniş ( Hünärmen  5 ýyl )	HÖ	t	5	2
438	Sport lukmançylygy ( Hünärmen  6 ýyl )	SL	t	3	6
439	Rus dili we edebiýaty ( Hünärmen  5 ýyl )	RD we E	t	7	2
440	Yşyklandyrma tehnologiýasy ( Bakalawr  4 ýyl )	YT	t	8	3
441	Hytaý dili ( Bakalawr  4 ýyl )	HD	t	7	3
442	Sport pisihologiýasy ( Hünärmen  5 ýyl )	SP	t	5	2
443	Yşyklandyryş tehnologiýalary  (Bakalwr 4yyl)	YT	t	1	3
444	Rus dilini okatmagyň usulyýeti ( Bakalawr  4 ýyl )	RDOU	t	7	3
445	Ýüpekçilik ( Hünärmen  5 ýyl )	Ý	t	4	2
446	Hytaý dili ( Hünärmen  5 ýyl )	HD	t	7	2
447	Ýyladyşhana hojalygy ( Bakalawr  4 ýyl )	ÝH	t	4	3
448	Sagaldyş işi ( Hünärmen  5 ýyl )	SI	t	7	2
449	Ýyladyşhana hojalygy (Hünärmen 5 ýyl )	ÝH	t	4	2
450	Hytaý dili we edebiýaty ( Hünärmen  5 ýyl )	HD we D	t	7	2
451	Saglygy dikeldiş we adaty däl lukmançylygy ( Hünärmen  6 ýyl )	SD we ADL	t	3	6
452	Ýylylyk  elektrik stansiýalarynda suwuň we ýangyjyň tehnologiýasy ( Hünärmen  5 ýyl )	ÝESSÝT	t	2	2
453	Ýylylyk elektrik stansiýalary ( Hünärmen  5 ýyl )	ÝES	t	2	2
454	Sport tehnologiýalarynyň tehniki üpjünçiligi ( Hünärmen  5 ýyl )	STTU	t	7	2
455	Ilatyň durmuş üpjünçiligini guramak  ( Bakalawr  4 ýyl )	HDÜG	t	5	3
456	Ýylylyk, gaz üpjünçiligi we howa çalşygy ( Hünärmen  5 ýyl )	ÝGÜHÇ	t	2	2
457	Saglygy goraýyş-öňüni alyş işi ( Hünärmen  6 ýyl )	SG we LY	t	3	6
458	Zähmet we tehnologiýalaryň esaslary ( Hünärmen  5 ýyl )	ZTE	t	1	2
459	Ilatyň durmuş üpjünçiligini guramak ( Hünärmen  5 ýyl )	IDÜG	t	5	2
460	Zähmetiň ykdysadyýeti ( Bakalawr 4 ýyl )	ZY	t	1	3
461	Şäher gurluşygy ( Hünärmen  5 ýyl )	ŞG	t	2	2
462	Zähmetiň ykdysadyýeti we bazary  ( Bakalawr  4 ýyl )	ZYB	t	5	3
463	Zähmetiň ykdysadyýeti we bazary ( Hünärmen  5 ýyl )	ZYB	t	5	2
464	Infokommunikasion tehnologiýalar we aragatnaşyk ulgamlary ( Bakalawr  4 ýyl )	IT we AU	t	2	3
465	Şähergurluşyk we ilatly ýerleri meýilleşdirmek ( Hünärmen  6 ýyl )	Ş we IÝM	t	2	6
466	Zergärçilik sungaty (Hünärmen 6 ýyl )	ZS	t	8	6
467	Sport žurnalistikasy ( Hünärmen  5 ýyl )	SŽ	t	7	2
468	Zootehniýa ( Bakalawr  4 ýyl )	Z	t	4	3
469	Salgyt menejmenti ( Magisturatura  2 ýyl )	SM	t	5	1
470	Infokommunikasiýa tehnologiýalary   (Hünärmen 5 ýyl )	IT	t	1	2
471	Žurnalistika ( Bakalawr  4 ýyl )	Ž	t	5	3
472	Sporty maliýeleşdirmek ( Hünärmen  5 ýyl )	SM	t	5	2
473	Žurnalistika ( Hünärmen  5 ýyl )	Ž	t	5	2
474	Informatika we hasaplaýyş tehnikasy ( Bakalawr  4 ýyl )	I we HT	t	2	3
475	Standartlaşdyrmak we sertifikatlaşdyrmak ( Hünärmen  5 ýyl )	S we S	t	2	2
476	Stanok grafikasy ( Hünärmen  6 ýyl )	SG	t	8	6
477	Stanok nakgaşçylygy ( Hünärmen  6 ýyl )	SN	t	8	6
478	Kitaphana işini guramak ( Hünärmen  5 ýyl )	KIG	t	5	2
479	Kompozisiýa ( Hünärmen  5 ýyl )	K	t	8	2
480	Iňlis dili ( Hünärmen  5 ýyl )	ID	t	7	2
481	Kompýuter lingwistikasy ( Bakalawr  4 ýyl )	KL	t	1	3
482	Kompýuter tehnologiýasy ( Bakalawr  4 ýyl )	KT	t	2	3
483	Statistika ( Bakalawr  4 ýyl )	S	t	5	3
484	Kompýuter ulgamynyň programma üpjünçiligi  ( Bakalawr  4 ýyl )	KUPÜ	t	2	3
485	Statistika ( Hünärmen  5 ýyl )	S	t	5	2
486	Kompýuter ulgamynyň programma üpjünçiligi ( Hünärmen  5 ýyl )	KUPÜ	t	2	2
487	Stomatologiýa ( Hünärmen  5 ýyl )	S	t	3	2
488	Kompýuter ulgamynyň programma üpjünçiligi (ykdysadyýetde we dolandyryşda) (Bakalawr 4 ýyl)	KUPÜ	t	2	3
489	Iňlis dili we edebiýaty ( Hünärmen  5 ýyl )	ID we D	t	7	2
490	Köpkanally telekommunikasiýa ulgamlary  (Hünärmen 5 ýyl )	KTU	t	1	2
491	Suw üpjünçiligi we lagym ulgamlary ( Hünärmen  5 ýyl )	SÜ we LU	t	2	2
492	Köprüler we ulag nagymlary ( Hünärmen  5 ýyl )	KUN	t	1	2
493	Iňlis dilini okatmagyň usulyýeti ( Bakalawr  4 ýyl )	IDOU	t	7	3
494	Köprüler we ulag tonnelleri ( Hünärmen  5 ýyl )	KUT	t	2	2
495	Salgytlar we salgyt salmak ( Bakalawr  4 ýyl )	S we SA	t	5	3
496	Köprüler we ulag tunnelleri  ( Hünärmen  5 ýyl )	KUT	t	1	2
497	Suw üpjünçiligi, ulanylan suwlary akdyryş we suw gorlaryny goramak ( Hünärmen  5 ýyl )	SÜUSA we SGG	t	2	2
498	Innowasion menejement we halkara işewürligi ( Bakalawr  4 ýyl )	IM we HI	t	1	3
499	Koreý dili ( Bakalawr  4 ýyl )	KD	t	7	3
500	Salgytlar we salgyt salmak ( Hünärmen  5 ýyl )	S we SS	t	5	2
501	Koreý dili ( Hünärmen  5 ýyl )	KD	t	7	2
502	Syýahatçylyk ( Bakalawr  4 ýyl )	S	t	5	3
503	Innowasion ykdysadyýet ( Bakalawr  4 ýyl )	IY	t	5	3
504	Landşaft dizaýny ( Hünärmen  5 ýyl )	LD	t	2	2
505	Syýahatçylyk ( Bakalawr  4 ýyl )	S	t	5	3
506	Logistika  (Hünärmen 5 ýyl )	L	t	5	2
507	Logistika ( Bakalawr  4 ýyl )	L	t	5	3
508	Logistika (nebitgaz pudagynda) ( Bakalawr  4 ýyl )	L	t	5	3
509	Syýahatçylyk işewürligi ( Hünärmen  5 ýyl )	SI	t	5	2
510	Innowatika ( Bakalawr  4 ýyl )	IT	t	2	3
511	Logistika (senagat pudagynda) ( Bakalawr  4 ýyl )	L	t	5	3
512	Sanly diplomatiýa ( Magistratura 1 ýyl )	SD	t	1	5
513	Lokomotiwler ( Hünärmen  5 ýyl )	L	t	2	2
514	Inžener ulgamlary we torlary ( Hünärmen  5 ýyl )	IU we T	t	1	2
515	Syýasaty öwreniş ( Hünärmen  5 ýyl )	SÖ	t	5	2
516	Lukmançylyk-durmuş goragy işi ( Hünärmen  5 ýyl )	LDGI	t	3	2
517	Maglumat howpsuzlygy ( Bakalawr  4 ýyl )	MH	t	2	3
518	Iş dolandyryş we arhiw işi ( Hünärmen  5 ýyl )	IŞ we AI	t	7	2
519	Maglumat howpsuzlygy ( Hünärmen  5 ýyl )	MH	t	2	2
520	Syýasy kommunikasiýa we internet žurnalistikasy ( Bakalawr 4 ýyl )	SK we IŽ	t	5	3
521	Sanly dolandyryş (oba hojalygynda)  (Bakalawr 4 ýyl )	SD	t	1	3
522	Maglumat howpsuzlygynyň menejementi (oba hojalygynda) (Bakalawr 4 ýyl )	MHM	t	1	3
523	Täjirçilik ( Bakalawr  4 ýyl )	T	t	1	3
524	Işewürlik we telekeçilik  ( Bakalawr  4 ýyl )	I we T	t	5	3
525	Sanly infrastruktura we kiberhowpsuzlyk ( Bakalawr  4 ýyl )	SI we K	t	1	3
526	Maglumat howpsuzlygynyň menejmenti ( Bakalawr  4 ýyl )	MHM	t	2	3
527	Maglumat howpsuzlygynyň menejmenti (oba hojalygynda)  (Bakalawr 4 ýyl )	MHM	t	2	3
528	Işewürlik-informatika ( Bakalawr  4 ýyl )	II	t	5	3
529	Sanly ykdysadyýet (Bakalawr 4 ýyl )	SY	t	1	3
530	Maglumat ölçeýiş tehnikasy we tehnologiýalary(Bakalawr 4 ýyl)	MÖTT	t	2	3
531	Işgärleri dolandyryş ( Bakalawr  4 ýyl )	ID	t	5	3
532	Taryh ( Hünärmen  5 ýyl )	T	t	7	2
533	Sanly ykdysadyýetde maliýe bazarlary we maliýe howpsuzlygy    ( Bakalawr  4 ýyl )	SYMB we MH	t	1	3
534	Maglumat tehnologiýalarynyň programma üpjünçiligi ( Hünärmen  5 ýyl )	MTPÜ	t	2	2
535	Taryhy –etnografiki gymmatlyklary rejelemek ( Hünärmen  5 ýyl )	T-EGR	t	8	2
536	Maglumat ulgamlary (oba hojalygynda)  (Hünärmen 5 ýyl )	MU	t	2	2
537	Sanly ykdysadyýetiň tehnologiýalary ( Bakalawr  4 ýyl )	SYT	t	1	3
538	Teatr-bezeg nakgaşçylygy ( Hünärmen  6 ýyl )	T-BN	t	8	6
539	Maglumat ulgamlary we tehnologiýalary ( Bakalawr  4 ýyl )	MUT	t	2	3
540	Işgärleri dolandyryş (nebitgaz pudagynda) ( Bakalawr  4 ýyl )	ID	t	5	3
541	Saz mugallymçylygy ( Hünärmen  5 ýyl )	SM	t	8	2
542	Maglumat ulgamlary we tehnologiýalary ( Hünärmen  5 ýyl )	MUT	t	2	2
543	Teatry öwreniş we dramaturgiýa ( Hünärmen  5 ýyl )	TÖ we D	t	8	2
544	Ispan dili  ( Bakalawr  4 ýyl )	ID	t	7	3
545	Sazşynaslyk ( Hünärmen  5 ýyl )	S	t	8	2
546	Ispan dili  ( Hünärmen  5 ýyl )	ID	t	7	2
547	Tebigy süýümleri egirmek ( Hünärmen  5 ýyl )	TSE	t	4	2
548	Italyan dili  ( Bakalawr  4 ýyl )	ID	t	7	3
549	Tehniki hyzmatyň guralyşy we tehnologiýasy  (Hünärmen 5 ýyl )	THG we T	t	4	2
550	Italýan dili we edebiýaty ( Hünärmen  5 ýyl )	ID we D	t	7	2
551	Tehnologiki maşynlar we enjamlar ( Bakalawr  4 ýyl )	TM we E	t	2	3
552	Şekillendiriş sungatynyň taryhy we nazaryýeti ( Hünärmen  5 ýyl )	ŞST we N	t	8	2
553	Tehnologiki maşynlar we enjamlar ( Hünärmen  5 ýyl )	TM we E	t	2	2
554	Jemgyýetçilik iýmitini guramak ( Hünärmen  5 ýyl )	JIG	t	5	2
555	Seljeriş we strategiki meýilleşdiriş ( Magistratura 1 ýyl )	S we SM	t	1	5
556	Tehnologiýa işewürligi ( Bakalawr  4 ýyl )	TI	t	1	3
557	Kärhananyň ykdysadyýeti we dolandyrylyşy  ( Bakalawr  4 ýyl )	KY we D	t	5	3
558	Senagat balykçylygy ( Bakalawr  4 ýyl )	SB	t	4	3
559	Tehnosfera howpsuzlygy ( Hünärmen  5 ýyl )	TH	t	2	2
560	Kärhananyň ykdysadyyeti we dolandyrylysy  (Hünärmen 5 ýyl )	KY we D	t	5	2
561	Telekinooperatorçylyk ( Hünärmen  5 ýyl )	T	t	8	2
562	Kärhananyň ykdysadyýeti we dolandyrylyşy (senagat pudagynda) ( Bakalawr  4 ýyl )	KY we D	t	1	3
563	Telekommunikasiýa ulgamlarynyň maglumat howpsuzlygy  (Hünärmen 5 ýyl )	TUMH	t	2	2
564	Kärhananyň ykdysadyýeti we dolandyryşy ( Hünärmen  5 ýyl )	KY we D	t	5	2
565	Teleradiogepleşikleri guramak we alyp barmak	TG we AB	t	8	3
566	Kartografiýa ( Hünärmen  5 ýyl )	K	t	1	2
567	Teleradiogepleşikleri guramak we alyp barmak ( Hünärmen  5 ýyl )	TG we AB	t	8	2
568	Kartografiýa we geoinformatika ( Bakalawr  4 ýyl )	K we G	t	1	3
569	Senagat desgalarynyň we tehnologik toplumlaryň elektrohereketlendirilişi hem-de awtomatikasy ( Hünärmen  5 ýyl )	SD we TTEA	t	1	2
570	Senagat elektronikasy  (Hünärmen 5 ýyl )	SE	t	2	2
571	Senagat elektronikasy ( Bakalawr  4 ýyl )	SE	t	2	3
572	Kartografiýa we geoinformatika (senagat pudagynda) ( Bakalawr  4 ýyl )	K we G	t	1	3
573	Senagat we raýat jaý gurluşygy ( Hünärmen  5 ýyl )	S we RJG	t	2	2
574	Ses režissurasy ( Bakalawr  4 ýyl )	S we M	t	8	3
575	Keramika sungaty ( Hünärmen  6 ýyl )	KS	t	8	6
576	Kino režissurasy ( Bakalawr  4 ýyl )	KR	t	8	3
577	Ses režissurasy ( Hünärmen  5 ýyl )	SR	t	8	2
578	Seýsmologiýa we seýsmika durnukly gurluşyk  ( Hünärmen  5 ýyl )	S we SDG	t	1	2
579	Kino režissurasy ( Hünärmen  5 ýyl )	KŽ	t	8	2
580	Kinologiýa ( Bakalawr  4 ýyl )	K	t	1	3
581	Signallary ibermegiň, kabul etmegiň we gaýtadan işlemegiň radiotehniki serişdeleri  (Hünärmen 5 ýyl )	SIKE we GIRS	t	1	2
582	Kirişli saz gurallary ( Hünärmen  5 ýyl )	KSG	t	8	2
583	Sirk sungaty ( Bakalawr  4 ýyl )	SS	t	8	3
584	Kitap grafikasy ( Hünärmen  6 ýyl )	KG	t	8	6
585	Kitaphana –maglumat işleri ( Bakalawr  4 ýyl )	KMI	t	5	3
586	Kitaphana işi ( Bakalawr  4 ýyl )	KI	t	5	3
587	Matematika Hünärmen (5 ýyl)	M	t	1	2
588	Sport ( Hünärmen 5 ýyl )	S	t	7	2
589	Sport ( Hünärmen 5 ýyl )	S	t	7	2
590	Sport ( Hünärmen 5 ýyl )	S	t	7	2
591	Sport ( Hünärmen 5 ýyl )	S	t	7	2
592	Sport ( Hünärmen 5 ýyl )	S	t	7	2
593	Bedenterbiýe ( Hünärmen 5 ýyl )	B	t	7	2
594	Türkmen sazynyň taryhy we nazaryýeti boýunça sazşynaslyk ( Hünärmen 5 ýyl )	TST we NBS	t	8	2
595	Oba hojalygyny mehanizmleşdirmek (Hünärmen 5 ýyl )	OHM	t	4	2
596	Taryh ( Hünärmen 5 ýyl )	T	t	6	2
597	Türkmen dili we edebiýaty ( Hünärmen 5 ýyl )	TD we E	t	6	2
598	Fizika ( Hünärmen 5 ýyl )	F	t	6	2
599	Matematika ( Hünärmen 5 ýyl )	M	t	1	2
600	Himiýa ( Hünärmen 5 ýyl )	H	t	1	2
601	Himiýa ( Hünärmen 5 ýyl )	H	t	1	2
602	Biologiýa ( Hünärmen 5 ýyl )	B	t	1	2
603	Iňlis dili we edebiýaty ( Hünärmen 5 ýyl )	ID we E	t	7	2
604	Hukuk öwreniş ( Hünärmen 5 ýyl )	HÖ	t	7	2
605	Hukuk öwreniş ( Hünärmen 5 ýyl )	HÖ	t	7	2
606	Daşky gurşawy goramak we tebigy baýlyklary tygşytly peýdalanmak ( Hünärmen 5 ýyl )	DGG we TBTP	t	2	2
607	Nebit-gaz känlerini özleşdirmek we ulanmak ( Hünärmen 5 ýyl )	NGKÖ we U	t	2	2
608	Nebitgazgeçirijilerini we nebitgazyň saklanýan ýerlerini taslamak, gurmak we ulanmak ( Hünärmen 5 ýyl )	N we NSÝTG we U	t	2	2
609	Nebitiň we gazyň geologiýasy ( Hünärmen 5 ýyl )	N we GG	t	5	2
610	Peýdaly magdanlary gözlemegiň we barlamagyň geofiziki usullary ( Hünärmen 5 ýyl )	PMG we BGU	t	5	2
611	Senagat desgalarynyň we tehnologik toplumlaryň elektrohereketlendirilişi hem-de awtomatikasy ( Hünärmen 5 ýyl )	SD we TTEA	t	2	2
612	Elektroenergetika we elektrotehnika ( Bakalawr 4 ýyl )	E we E	t	2	3
613	Nebiti we gazy gaýtadan işlemegiň himiki tehnologiýasy ( Hünärmen 5 ýyl )	N we GGIHT	t	2	2
614	Ýylylyk elektrik stansiýalarynda suwuň we ýangyjyň tehnologiýasy ( Hünärmen 5 ýyl )	ÝESS we ÝT	t	2	2
615	Oba hojalygyny mehanizmleşdirmek (Hünärmen 5 ýyl )	OHM	t	2	2
616	Elektrik üpjünçiligi ( Hünärmen 5 ýyl )	EÜ	t	2	2
\.


--
-- Data for Name: api_student; Type: TABLE DATA; Schema: public; Owner: neharix
--

COPY public.api_student (id, full_name, gender, family_status, payment_type, birth_date, admission_date, registered_place, study_year, phone_number, passport, military_service, label, active, country_id, high_school_id, nationality_id, region_id, specialization_id, is_expelled, is_obsolete) FROM stdin;
3	Kakabaýew Muhammetnur	M	FR	P	2005-05-14	2023-09-01	3UÝJ	5	61154230	II-DZ 072234	\N	\N	f	11	23	36	6	142	f	t
6	Arslanow Şagadam	M	FR	B	1970-01-01	2024-09-01	Lebap welaýatynyň Türkmenabat şäheriniň Parahat kiçi etrapçasynyň 49-njy  jaýynyň 12-nji öýi	5	 99361-88-60-86 	II-LB 020242	Gulluk eden	\N	t	11	4	36	7	1	f	f
12	Atamyradowa Aýjeren	F	FR	P	2006-08-07	2024-09-01	Lebap welaýatynyň Kerki etrabynyň Başsaka şäherçesiniň Garaşsyzlyk köçesi 45-nji jaý	4	99371680841	II-LB168939	\N	\N	t	11	5	36	7	6	f	t
7	Çaryýew Resul Döwranowiç	M	FR	B	1970-01-01	2024-09-01	Ahal welaýatynyň Sarahs etrabynyň Salyr obasynyň Orazsalyr köçesiniň 30-njy jaýy	5	99362-87-06-48	I-AH 748615	Gulluk eden	\N	t	11	4	36	1	1	f	f
8	Elýasow Ýakup Şirmmämet ogly	M	FR	P	1970-02-01	2024-09-01	Balkan welaýatynyň Balkanabat şäheriniň  5-nji ýaşaýyş jaý toplumynyň 8-nji jaýynyň 13-nji öýi	5	99365196675	I-BN 577212	Gulluk eden	\N	t	11	4	36	4	1	f	f
9	Garajaýew Ýazdurdy Toýlyýewiç	M	FR	B	1971-02-01	2024-09-01	Ahal welaýatynyň Gökdepe etraby Babarap obasy Şatlyk köçesiniň 30-njy jaýy	5	993 62 78-87-04 	I-AH 822033	\N	\N	t	11	4	36	1	1	f	f
10	Gurbangeldiýew Guwançmyrat Gurbanýazowiç	M	FR	P	1970-01-01	2024-09-01	Ahal welaýatynyň Tejen etrabynyň Göniamaşa obasynyň G. Burunow köçesiniň 3-njy jaýy.	5	993 61 39-27-07	I-AH 770573	Harby borçly däl	\N	t	11	4	36	1	1	f	f
11	Annaýewa Akmaral	F	HO	P	1975-01-02	2024-09-01	Balkan welaýatynyň Gyzylarbat etrabynyň Janahyr şäherçesi	4	99361313009	I-BN531497	\N	\N	t	11	5	36	4	6	f	t
13	Azadowa Şemşat	F	FR	P	2006-09-03	2024-09-01	Mary welaýatynyň Murgap etrabynyň Watan geneşligi Murgap köçesi 4 jaý	4	99362919317	II-MR335347	\N	\N	t	11	5	36	8	6	f	t
14	Berdiýewa Maýa	F	FR	P	1970-01-01	2024-09-01	Aşgabat şäheriniň 11-nji kiçi etrapçasynyň 2-nji geçelgesi 20 jaý 41 otag	4	99363685678	I-AŞ666573	\N	\N	t	11	5	36	3	6	f	t
16	Süleýmanowa Merjen	F	FR	P	2004-01-09	2022-09-01	Balkan welaýat Balkanabat şäher	3	993243	iiiiiiiii	\N		t	11	23	36	4	151	f	f
1	Jurjenow Azat	M	FR	P	2005-02-09	2023-09-01	Turkmenbaşy şäheriniň Aşgabat köçesiniň 1-nji öýi, 34-nji jaýy	5	64651635	I-BN 580904	\N	\N	t	11	23	36	4	149	f	t
15	Haýdarowa Ogulbossan	F	FR	P	2006-03-10	2024-09-01	Aşgabat şäheriniň Köpetdag etrabynyň Ankara köçesi 31-nji “A” jaý 1 öý	4	99361773311	I-AŞ676339	\N	\N	t	11	5	36	3	6	f	t
4	Saparow Omar	M	FR	P	2005-01-31	2023-09-01	Daşoguz welaýatynyň Daşoguz şäheriniň  Ýalkym köçesiniň  23a-njy jaýynyň 8-nji öýi	5	63709677	II-DZ 071072	\N	\N	t	11	23	36	6	150	f	t
5	Orazdurdyýew Baýram	M	HO	P	2005-03-20	2023-09-01	Mary welaýatynyň Baýramaly şäheriniň 4-nji jaý toplumynyň 4-nji jaýynyň 35-nji öýi	5	64080897	II-MR 292248	\N	\N	t	11	23	36	8	142	f	t
2	Röwşenow Jemşit	M	FR	P	2005-06-29	2023-09-01	3UÝJ	5	62497105	II-LB 132988	\N	\N	f	11	23	36	7	149	f	t
\.


--
-- Data for Name: api_teacherstatement; Type: TABLE DATA; Schema: public; Owner: neharix
--

COPY public.api_teacherstatement (id, workload_1_25, workload_1_00, workload_0_75, workload_0_50, doctor_degree, candidate_degree, allowed_until, is_obsolete, request_date, verdict_date, verdict, sender_id, department_head, docent, docent_job, intern_teachers, professor, professor_job, senior_teachers, teachers) FROM stdin;
\.


--
-- Data for Name: api_teacherstatement_viewed_by; Type: TABLE DATA; Schema: public; Owner: neharix
--

COPY public.api_teacherstatement_viewed_by (id, teacherstatement_id, user_id) FROM stdin;
\.


--
-- Data for Name: auth_group; Type: TABLE DATA; Schema: public; Owner: neharix
--

COPY public.auth_group (id, name) FROM stdin;
\.


--
-- Data for Name: auth_group_permissions; Type: TABLE DATA; Schema: public; Owner: neharix
--

COPY public.auth_group_permissions (id, group_id, permission_id) FROM stdin;
\.


--
-- Data for Name: auth_permission; Type: TABLE DATA; Schema: public; Owner: neharix
--

COPY public.auth_permission (id, name, content_type_id, codename) FROM stdin;
1	Can add log entry	1	add_logentry
2	Can change log entry	1	change_logentry
3	Can delete log entry	1	delete_logentry
4	Can view log entry	1	view_logentry
5	Can add permission	2	add_permission
6	Can change permission	2	change_permission
7	Can delete permission	2	delete_permission
8	Can view permission	2	view_permission
9	Can add group	3	add_group
10	Can change group	3	change_group
11	Can delete group	3	delete_group
12	Can view group	3	view_group
13	Can add user	4	add_user
14	Can change user	4	change_user
15	Can delete user	4	delete_user
16	Can view user	4	view_user
17	Can add content type	5	add_contenttype
18	Can change content type	5	change_contenttype
19	Can delete content type	5	delete_contenttype
20	Can view content type	5	view_contenttype
21	Can add session	6	add_session
22	Can change session	6	change_session
23	Can delete session	6	delete_session
24	Can view session	6	view_session
25	Can add classificator	7	add_classificator
26	Can change classificator	7	change_classificator
27	Can delete classificator	7	delete_classificator
28	Can view classificator	7	view_classificator
29	Can add country	8	add_country
30	Can change country	8	change_country
31	Can delete country	8	delete_country
32	Can view country	8	view_country
33	Can add degree	9	add_degree
34	Can change degree	9	change_degree
35	Can delete degree	9	delete_degree
36	Can view degree	9	view_degree
37	Can add department	10	add_department
38	Can change department	10	change_department
39	Can delete department	10	delete_department
40	Can view department	10	view_department
41	Can add faculty	11	add_faculty
42	Can change faculty	11	change_faculty
43	Can delete faculty	11	delete_faculty
44	Can view faculty	11	view_faculty
45	Can add high school	12	add_highschool
46	Can change high school	12	change_highschool
47	Can delete high school	12	delete_highschool
48	Can view high school	12	view_highschool
49	Can add nationality	13	add_nationality
50	Can change nationality	13	change_nationality
51	Can delete nationality	13	delete_nationality
52	Can view nationality	13	view_nationality
53	Can add region	14	add_region
54	Can change region	14	change_region
55	Can delete region	14	delete_region
56	Can view region	14	view_region
57	Can add high school faculty	15	add_highschoolfaculty
58	Can change high school faculty	15	change_highschoolfaculty
59	Can delete high school faculty	15	delete_highschoolfaculty
60	Can view high school faculty	15	view_highschoolfaculty
61	Can add faculty department	16	add_facultydepartment
62	Can change faculty department	16	change_facultydepartment
63	Can delete faculty department	16	delete_facultydepartment
64	Can view faculty department	16	view_facultydepartment
65	Can add profile	17	add_profile
66	Can change profile	17	change_profile
67	Can delete profile	17	delete_profile
68	Can view profile	17	view_profile
69	Can add specialization	18	add_specialization
70	Can change specialization	18	change_specialization
71	Can delete specialization	18	delete_specialization
72	Can view specialization	18	view_specialization
73	Can add department specialization	19	add_departmentspecialization
74	Can change department specialization	19	change_departmentspecialization
75	Can delete department specialization	19	delete_departmentspecialization
76	Can view department specialization	19	view_departmentspecialization
77	Can add student	20	add_student
78	Can change student	20	change_student
79	Can delete student	20	delete_student
80	Can view student	20	view_student
81	Can add expulsion reason	21	add_expulsionreason
82	Can change expulsion reason	21	change_expulsionreason
83	Can delete expulsion reason	21	delete_expulsionreason
84	Can view expulsion reason	21	view_expulsionreason
85	Can add expulsion request	22	add_expulsionrequest
86	Can change expulsion request	22	change_expulsionrequest
87	Can delete expulsion request	22	delete_expulsionrequest
88	Can view expulsion request	22	view_expulsionrequest
89	Can add reinstate request	23	add_reinstaterequest
90	Can change reinstate request	23	change_reinstaterequest
91	Can delete reinstate request	23	delete_reinstaterequest
92	Can view reinstate request	23	view_reinstaterequest
93	Can add diploma request	24	add_diplomarequest
94	Can change diploma request	24	change_diplomarequest
95	Can delete diploma request	24	delete_diplomarequest
96	Can view diploma request	24	view_diplomarequest
97	Can add diploma report	25	add_diplomareport
98	Can change diploma report	25	change_diplomareport
99	Can delete diploma report	25	delete_diplomareport
100	Can view diploma report	25	view_diplomareport
101	Can add diploma request action	26	add_diplomarequestaction
102	Can change diploma request action	26	change_diplomarequestaction
103	Can delete diploma request action	26	delete_diplomarequestaction
104	Can view diploma request action	26	view_diplomarequestaction
105	Can add teacher statement	27	add_teacherstatement
106	Can change teacher statement	27	change_teacherstatement
107	Can delete teacher statement	27	delete_teacherstatement
108	Can view teacher statement	27	view_teacherstatement
109	Can add annual update report	28	add_annualupdatereport
110	Can change annual update report	28	change_annualupdatereport
111	Can delete annual update report	28	delete_annualupdatereport
112	Can view annual update report	28	view_annualupdatereport
\.


--
-- Data for Name: auth_user; Type: TABLE DATA; Schema: public; Owner: neharix
--

COPY public.auth_user (id, password, last_login, is_superuser, username, first_name, last_name, email, is_staff, is_active, date_joined) FROM stdin;
5	pbkdf2_sha256$870000$B5NRg40g8YyiF6qU19Fu0c$t/wbRNReXnNZOPXzgj7BaqhJ+kM7WwLr1EmxXEQWO/0=	\N	f	ahaa2022			stub@mail.com	f	t	2025-03-04 11:54:13.477688+00
6	pbkdf2_sha256$870000$7mcPnnEymlsN82NC5oyH7h$jgWZPJ0u1Y7iSgABsuD8Krz0L3+Br7waP+xA2U9eKxg=	\N	f	tmddi2022@gmail.com			stub@mail.com	f	t	2025-03-04 11:58:01.408771+00
7	pbkdf2_sha256$870000$gp8zcJfNOdfaKXueXUJtQP$elldTULhWVO4Ansz4KtnfWxPC3ZyzXqrND6uNgURyLo=	\N	f	hyyweou2022@gmail.com			stub@mail.com	f	t	2025-03-04 11:59:11.861378+00
8	pbkdf2_sha256$870000$onFfeFwzlQWfk40BSr8wJL$3Xr8OU9PNrSqueFViNf/+ZeyQJOJZiE3Ejkild/oMig=	\N	f	tdu2022@gmail.com			stub@mail.com	f	t	2025-03-04 12:01:20.889206+00
9	pbkdf2_sha256$870000$dNeJTG15xRhzMwa9CXH1E4$TDxa8djvVQKWWDzMs5SQ9shfvfY7mj5y8R9bzt4e5KE=	\N	f	tmk2022@gmail.com			stub@mail.com	f	t	2025-03-04 12:02:28.669037+00
10	pbkdf2_sha256$870000$Lke12siiJDl2SX0hhAg2I0$p4HBuAqZaFdMHdWMwMkC23to/ZVCo1ZIghodhOsY7u0=	\N	f	tdlu2022@gmail.com			stub@mail.com	f	t	2025-03-04 12:03:12.9205+00
11	pbkdf2_sha256$870000$0Mu1AloMt9iCw4Qy0JSIFS$Vrr1CXkjj2sbaU+hIHfIpMk7QO07WSOyzFZRlEgnUfY=	\N	f	tohu2022@gmail.com			stub@mail.com	f	t	2025-03-04 12:03:59.626315+00
12	pbkdf2_sha256$870000$tJa6NmxkS9haVoHj3nLgNt$9XHT97SaIe8s9wblHPAjJnFwjC3/WH7k+K78Zt46k9U=	\N	f	stdmi2022@gmail.com			stub@mail.com	f	t	2025-03-04 12:04:46.631824+00
13	pbkdf2_sha256$870000$pagL0UbZMZaSbsruRzaqyi$m2y4EYl+DHAuVUa+FMZ6SI4Xc+Du9eTDRSU3tUyMkW4=	\N	f	tdywedi2022@gmail.com			stub@mail.com	f	t	2025-03-04 12:05:40.486808+00
14	pbkdf2_sha256$870000$zydZcx64EAZbSagb2mGe8z$BS7nBj79SimQBq3LkBcLNzA+koE7vUYFp5umXVV0pws=	\N	f	tdbsi2022@gmail.com			stub@mail.com	f	t	2025-03-04 12:06:23.49855+00
15	pbkdf2_sha256$870000$J5y64zusKfp6HkEtThx05I$A6/rvSLcd8njUr3c4hkgwD5XvZ4rxfVmsLOhJXo3MUU=	\N	f	tdbgi2022@gmail.com			stub@mail.com	f	t	2025-03-04 12:07:11.924894+00
16	pbkdf2_sha256$870000$dlsbDsZpBEEStMHJqVyty1$WlzZxkuGplxbpfFUhLiAhEFPgd8s6HOLK+Ih1gJo4hY=	\N	f	tdmai2022@gmail.com			stub@mail.com	f	t	2025-03-04 12:08:14.395023+00
17	pbkdf2_sha256$870000$XS8tBo1xvSqS7olbH2MTZW$+0eO42PZrOtK3GqPGX7s8/TR8TrcBG+++c++eDc+ImY=	\N	f	tdmi2022@gmail.com			stub@mail.com	f	t	2025-03-04 12:09:24.259537+00
18	pbkdf2_sha256$870000$vvTObfAu8DOo36medoFQQg$I5D+yj6a9r8tUZqxy3s4JP/FvhQG6U1Cshja+s6H2pw=	\N	f	tohi2022@gmail.com			stub@mail.com	f	t	2025-03-04 12:10:16.557452+00
19	pbkdf2_sha256$870000$g1hSL7GHheXCvwQoMiLEoL$LQ26R9jknMyJr+hXJx5EiBWT21fatHpL8zuQQI9uWT8=	\N	f	hgi2022@gmail.com			stub@mail.com	f	t	2025-03-04 12:11:38.059491+00
20	pbkdf2_sha256$870000$JCLugWowRuFEgoCL0ywwBG$6glX12Z7VHbsXRk3J09TrlKDkQwlPOtD08PgW1u2xWM=	\N	f	tdcha2022@gmail.com			stub@mail.com	f	t	2025-03-04 12:12:27.283059+00
21	pbkdf2_sha256$870000$MIi0iIdWazAEKoCcEL3YFp$x+Zr4OwO41/TebcOxQ+OSR16rZGQshGEaSMEMqy6KzE=	\N	f	tdei2022@gmail.com			stub@mail.com	f	t	2025-03-04 12:13:20.468234+00
22	pbkdf2_sha256$870000$bmqAq16JL6nKIUrGcw65As$/g/NdQN/xpSaA1bcoHs/SB8rj7BXP4eXGkuwo53PhU4=	\N	f	tituki2022@gmail.com			stub@mail.com	f	t	2025-03-04 12:14:59.417761+00
23	pbkdf2_sha256$870000$tbVxHo3aBtPyETOASs1wMF$OAZS5/hyX7L53H+9eJgYLx+N+K6s9CnSUDKftIsT5sY=	\N	f	titu2022@gmail.com			stub@mail.com	f	t	2025-03-04 12:15:50.338009+00
24	pbkdf2_sha256$870000$UoVPX3rKCyUtz13k4EjCnM$hEuirf1qJjcwKxMSE9tvxH7bpMJAcoKw8z6MRkydREM=	\N	f	ttweii2022@gmail.com			stub@mail.com	f	t	2025-03-04 12:17:03.109487+00
25	pbkdf2_sha256$870000$0mh2ny2GfB5GppyeLoqeXK$6O0NVB26VGRGQc3Kj5WYWWrvdqssQS6CkQpktjamSMI=	\N	f	hngu2022@gmail.com			stub@mail.com	f	t	2025-03-04 12:19:02.965014+00
1	pbkdf2_sha256$870000$BbkqEhrExd8nS1zNpYQawk$GxkmVueQhMR12HUwJhZjNPctJAcOXiLLO/WpAwvlfBw=	2025-03-11 12:18:32.334315+00	t	skill			g@g.com	t	t	2025-02-05 06:26:23.642139+00
\.


--
-- Data for Name: auth_user_groups; Type: TABLE DATA; Schema: public; Owner: neharix
--

COPY public.auth_user_groups (id, user_id, group_id) FROM stdin;
\.


--
-- Data for Name: auth_user_user_permissions; Type: TABLE DATA; Schema: public; Owner: neharix
--

COPY public.auth_user_user_permissions (id, user_id, permission_id) FROM stdin;
\.


--
-- Data for Name: django_admin_log; Type: TABLE DATA; Schema: public; Owner: neharix
--

COPY public.django_admin_log (id, action_time, object_id, object_repr, action_flag, change_message, content_type_id, user_id) FROM stdin;
1	2025-02-05 06:37:06.275073+00	2	Türkmenistanyň Döwlet energetika instituty	2	[{"changed": {"fields": ["Lat", "Lng"]}}]	12	1
2	2025-02-05 06:38:49.206047+00	1	Türkmenistanyň Telekommunikasiýalar we Informatika Instituty	2	[{"changed": {"fields": ["Lat", "Lng"]}}]	12	1
3	2025-03-04 11:52:09.539491+00	3	Türkmen döwlet uniwrsiteti	3		12	1
4	2025-03-04 11:52:09.53959+00	2	Türkmenistanyň Döwlet energetika instituty	3		12	1
5	2025-03-04 11:52:09.53964+00	1	Türkmenistanyň Telekommunikasiýalar we Informatika Instituty	3		12	1
6	2025-03-04 11:52:24.183041+00	4	tdu	3		17	1
7	2025-03-04 11:52:24.183142+00	3	usertdei	3		17	1
8	2025-03-04 11:52:24.183193+00	2	userttweii	3		17	1
9	2025-03-04 11:52:24.183236+00	1	skill	3		17	1
10	2025-03-04 11:52:34.228287+00	5	skill	1	[{"added": {}}]	17	1
11	2025-03-04 11:52:44.371164+00	4	tdu	3		4	1
12	2025-03-04 11:52:44.371273+00	3	usertdei	3		4	1
13	2025-03-04 11:52:44.371325+00	2	userttweii	3		4	1
14	2025-03-04 11:52:51.280212+00	1	Aragatnaşyk	3		10	1
15	2025-03-04 11:52:57.915317+00	2	Fizika	3		11	1
16	2025-03-04 11:52:57.915473+00	1	Rejepowa Sona	3		11	1
17	2025-03-16 08:16:02.905179+00	16	Süleýmanowa Merjen	2	[{"changed": {"fields": ["Study year"]}}]	20	1
18	2025-03-16 08:16:15.110187+00	1	Update made 2025-03-16 08:14:38.362868+00:00	3		28	1
19	2025-03-16 08:16:52.991918+00	2	Update made 2025-03-16 08:16:33.376768+00:00	3		28	1
20	2025-03-16 08:17:22.996977+00	3	Update made 2025-03-16 08:17:07.356109+00:00	3		28	1
21	2025-03-16 08:18:21.801729+00	4	Update made 2025-03-16 08:17:35.474253+00:00	3		28	1
\.


--
-- Data for Name: django_content_type; Type: TABLE DATA; Schema: public; Owner: neharix
--

COPY public.django_content_type (id, app_label, model) FROM stdin;
1	admin	logentry
2	auth	permission
3	auth	group
4	auth	user
5	contenttypes	contenttype
6	sessions	session
7	api	classificator
8	api	country
9	api	degree
10	api	department
11	api	faculty
12	api	highschool
13	api	nationality
14	api	region
15	api	highschoolfaculty
16	api	facultydepartment
17	api	profile
18	api	specialization
19	api	departmentspecialization
20	api	student
21	api	expulsionreason
22	api	expulsionrequest
23	api	reinstaterequest
24	api	diplomarequest
25	api	diplomareport
26	api	diplomarequestaction
27	api	teacherstatement
28	api	annualupdatereport
\.


--
-- Data for Name: django_migrations; Type: TABLE DATA; Schema: public; Owner: neharix
--

COPY public.django_migrations (id, app, name, applied) FROM stdin;
1	contenttypes	0001_initial	2025-02-05 06:23:35.559984+00
2	auth	0001_initial	2025-02-05 06:23:36.074141+00
3	admin	0001_initial	2025-02-05 06:23:36.191432+00
4	admin	0002_logentry_remove_auto_add	2025-02-05 06:23:36.211689+00
5	admin	0003_logentry_add_action_flag_choices	2025-02-05 06:23:36.233002+00
6	api	0001_initial	2025-02-05 06:23:37.210134+00
7	contenttypes	0002_remove_content_type_name	2025-02-05 06:23:37.275572+00
8	auth	0002_alter_permission_name_max_length	2025-02-05 06:23:37.322794+00
9	auth	0003_alter_user_email_max_length	2025-02-05 06:23:37.349343+00
10	auth	0004_alter_user_username_opts	2025-02-05 06:23:37.374966+00
11	auth	0005_alter_user_last_login_null	2025-02-05 06:23:37.398351+00
12	auth	0006_require_contenttypes_0002	2025-02-05 06:23:37.402582+00
13	auth	0007_alter_validators_add_error_messages	2025-02-05 06:23:37.42461+00
14	auth	0008_alter_user_username_max_length	2025-02-05 06:23:37.489657+00
15	auth	0009_alter_user_last_name_max_length	2025-02-05 06:23:37.514575+00
16	auth	0010_alter_group_name_max_length	2025-02-05 06:23:37.565172+00
17	auth	0011_update_proxy_permissions	2025-02-05 06:23:37.644694+00
18	auth	0012_alter_user_first_name_max_length	2025-02-05 06:23:37.668651+00
19	sessions	0001_initial	2025-02-05 06:23:37.802772+00
20	api	0002_alter_department_active_alter_faculty_active_and_more	2025-02-05 16:38:21.038669+00
21	api	0003_expulsionreason	2025-03-03 11:49:31.55014+00
22	api	0004_student_is_expelled	2025-03-03 11:49:31.580265+00
23	api	0005_expulsionrequest	2025-03-03 11:49:31.693406+00
24	api	0006_expulsionrequest_detail	2025-03-03 11:49:31.741761+00
25	api	0007_alter_expulsionrequest_options_and_more	2025-03-03 11:49:31.888281+00
26	api	0008_alter_expulsionrequest_viewed_by	2025-03-03 11:49:31.950902+00
27	api	0009_expulsionrequest_is_obsolete	2025-03-03 11:49:31.991137+00
28	api	0010_reinstaterequest	2025-03-03 11:49:32.187089+00
29	api	0011_expulsionrequest_sender_reinstaterequest_sender	2025-03-03 11:49:32.373166+00
30	api	0012_alter_expulsionrequest_verdict_and_more	2025-03-03 11:49:32.538469+00
31	api	0013_diplomarequest_diplomareport_diplomarequestaction	2025-03-03 11:49:32.886937+00
32	api	0014_remove_diplomarequest_previous_update_date_and_more	2025-03-03 11:49:32.967117+00
33	api	0015_diplomarequest_update_date	2025-03-03 11:49:33.006894+00
34	api	0016_diplomareport_request_date_and_more	2025-03-03 11:49:33.049774+00
35	api	0017_rename_diploma_count_diplomarequest_honor_diploma_count_and_more	2025-03-03 11:49:33.188241+00
36	api	0018_remove_diplomarequest_update_date_and_more	2025-03-03 11:49:33.271997+00
37	api	0019_alter_diplomarequest_allowed_until	2025-03-03 11:49:33.356348+00
38	api	0020_alter_diplomarequest_allowed_until	2025-03-03 11:49:33.394078+00
39	api	0021_alter_diplomareport_options_and_more	2025-03-03 11:49:33.46901+00
40	api	0022_alter_diplomarequest_allowed_until_teacherstatement	2025-03-03 11:49:33.673982+00
41	api	0023_teacherstatement_deparment_head_and_more	2025-03-03 11:49:34.066592+00
42	api	0024_alter_diplomarequest_allowed_until_and_more	2025-03-03 11:49:34.154156+00
43	api	0025_rename_deparment_head_teacherstatement_department_head	2025-03-03 11:49:34.19657+00
44	api	0026_alter_highschool_active	2025-03-03 11:49:34.219172+00
45	api	0027_alter_student_study_year	2025-03-12 14:32:52.97978+00
46	api	0028_student_is_obsolete_alter_student_study_year	2025-03-16 08:10:12.466601+00
47	api	0029_annualupdatereport	2025-03-16 08:10:12.508372+00
48	api	0030_alter_annualupdatereport_updated_at	2025-03-16 08:10:12.539204+00
\.


--
-- Data for Name: django_session; Type: TABLE DATA; Schema: public; Owner: neharix
--

COPY public.django_session (session_key, session_data, expire_date) FROM stdin;
r7mvj0piugxjl9ey5wjhhxrqedvu6nxk	.eJxVjMsOwiAQRf-FtSG8oS7d-w1khgGpGkhKuzL-uzbpQrf3nHNfLMK21riNvMSZ2JlJdvrdENIjtx3QHdqt89TbuszId4UfdPBrp_y8HO7fQYVRv3VwKFM2dvKiWBeUNMlardSERAWc085aAiHRGK-9EiAxp5KFDFSEAcfeH8VuN2Q:1tfYvw:EQH4fvRYkGvTXfdE5fLW9-i3qGFi3nbcnjxA_GGqZuw	2025-02-19 06:30:48.76948+00
3jrt0i17ieo2bt3d7hs2d171dbzs5ooj	.eJxVjMsOwiAQRf-FtSG8oS7d-w1khgGpGkhKuzL-uzbpQrf3nHNfLMK21riNvMSZ2JlJdvrdENIjtx3QHdqt89TbuszId4UfdPBrp_y8HO7fQYVRv3VwKFM2dvKiWBeUNMlardSERAWc085aAiHRGK-9EiAxp5KFDFSEAcfeH8VuN2Q:1tgfEe:YUnJYZihQjo0dyD1VQrtcP5Yj8c0WItxAQl48F2mcqI	2025-02-22 07:26:40.6376+00
u8uq5sxyvmf24v74z5bh1w0sji3z2qrd	.eJxVjMsOwiAQRf-FtSG8oS7d-w1khgGpGkhKuzL-uzbpQrf3nHNfLMK21riNvMSZ2JlJdvrdENIjtx3QHdqt89TbuszId4UfdPBrp_y8HO7fQYVRv3VwKFM2dvKiWBeUNMlardSERAWc085aAiHRGK-9EiAxp5KFDFSEAcfeH8VuN2Q:1tpQoX:celQmE0MfGA9_xGpbEVahgyc7q7GYAeKQOoZ1-ugDMI	2025-03-18 11:51:57.758839+00
lqci5qsgigry2w9vet9ktc76z5un9k8a	.eJxVjMsOwiAQRf-FtSG8oS7d-w1khgGpGkhKuzL-uzbpQrf3nHNfLMK21riNvMSZ2JlJdvrdENIjtx3QHdqt89TbuszId4UfdPBrp_y8HO7fQYVRv3VwKFM2dvKiWBeUNMlardSERAWc085aAiHRGK-9EiAxp5KFDFSEAcfeH8VuN2Q:1tryZ6:H3yFztIuno6s0YXajp5lFXsJ2ZRjxhpKA65bJnC02b8	2025-03-25 12:18:32.342344+00
\.


--
-- Name: api_annualupdatereport_id_seq; Type: SEQUENCE SET; Schema: public; Owner: neharix
--

SELECT pg_catalog.setval('public.api_annualupdatereport_id_seq', 4, true);


--
-- Name: api_classificator_id_seq; Type: SEQUENCE SET; Schema: public; Owner: neharix
--

SELECT pg_catalog.setval('public.api_classificator_id_seq', 8, true);


--
-- Name: api_country_id_seq; Type: SEQUENCE SET; Schema: public; Owner: neharix
--

SELECT pg_catalog.setval('public.api_country_id_seq', 11, true);


--
-- Name: api_degree_id_seq; Type: SEQUENCE SET; Schema: public; Owner: neharix
--

SELECT pg_catalog.setval('public.api_degree_id_seq', 6, true);


--
-- Name: api_department_id_seq; Type: SEQUENCE SET; Schema: public; Owner: neharix
--

SELECT pg_catalog.setval('public.api_department_id_seq', 386, true);


--
-- Name: api_departmentspecialization_id_seq; Type: SEQUENCE SET; Schema: public; Owner: neharix
--

SELECT pg_catalog.setval('public.api_departmentspecialization_id_seq', 531, true);


--
-- Name: api_diplomareport_id_seq; Type: SEQUENCE SET; Schema: public; Owner: neharix
--

SELECT pg_catalog.setval('public.api_diplomareport_id_seq', 1, false);


--
-- Name: api_diplomarequest_id_seq; Type: SEQUENCE SET; Schema: public; Owner: neharix
--

SELECT pg_catalog.setval('public.api_diplomarequest_id_seq', 1, false);


--
-- Name: api_diplomarequest_viewed_by_id_seq; Type: SEQUENCE SET; Schema: public; Owner: neharix
--

SELECT pg_catalog.setval('public.api_diplomarequest_viewed_by_id_seq', 1, false);


--
-- Name: api_diplomarequestaction_id_seq; Type: SEQUENCE SET; Schema: public; Owner: neharix
--

SELECT pg_catalog.setval('public.api_diplomarequestaction_id_seq', 1, false);


--
-- Name: api_expulsionreason_id_seq; Type: SEQUENCE SET; Schema: public; Owner: neharix
--

SELECT pg_catalog.setval('public.api_expulsionreason_id_seq', 7, true);


--
-- Name: api_expulsionrequest_id_seq; Type: SEQUENCE SET; Schema: public; Owner: neharix
--

SELECT pg_catalog.setval('public.api_expulsionrequest_id_seq', 1, false);


--
-- Name: api_expulsionrequest_viewed_by_id_seq; Type: SEQUENCE SET; Schema: public; Owner: neharix
--

SELECT pg_catalog.setval('public.api_expulsionrequest_viewed_by_id_seq', 1, false);


--
-- Name: api_faculty_id_seq; Type: SEQUENCE SET; Schema: public; Owner: neharix
--

SELECT pg_catalog.setval('public.api_faculty_id_seq', 105, true);


--
-- Name: api_facultydepartment_id_seq; Type: SEQUENCE SET; Schema: public; Owner: neharix
--

SELECT pg_catalog.setval('public.api_facultydepartment_id_seq', 419, true);


--
-- Name: api_highschool_id_seq; Type: SEQUENCE SET; Schema: public; Owner: neharix
--

SELECT pg_catalog.setval('public.api_highschool_id_seq', 24, true);


--
-- Name: api_highschoolfaculty_id_seq; Type: SEQUENCE SET; Schema: public; Owner: neharix
--

SELECT pg_catalog.setval('public.api_highschoolfaculty_id_seq', 107, true);


--
-- Name: api_nationality_id_seq; Type: SEQUENCE SET; Schema: public; Owner: neharix
--

SELECT pg_catalog.setval('public.api_nationality_id_seq', 38, true);


--
-- Name: api_profile_id_seq; Type: SEQUENCE SET; Schema: public; Owner: neharix
--

SELECT pg_catalog.setval('public.api_profile_id_seq', 26, true);


--
-- Name: api_region_id_seq; Type: SEQUENCE SET; Schema: public; Owner: neharix
--

SELECT pg_catalog.setval('public.api_region_id_seq', 8, true);


--
-- Name: api_reinstaterequest_id_seq; Type: SEQUENCE SET; Schema: public; Owner: neharix
--

SELECT pg_catalog.setval('public.api_reinstaterequest_id_seq', 1, false);


--
-- Name: api_reinstaterequest_viewed_by_id_seq; Type: SEQUENCE SET; Schema: public; Owner: neharix
--

SELECT pg_catalog.setval('public.api_reinstaterequest_viewed_by_id_seq', 1, false);


--
-- Name: api_specialization_id_seq; Type: SEQUENCE SET; Schema: public; Owner: neharix
--

SELECT pg_catalog.setval('public.api_specialization_id_seq', 616, true);


--
-- Name: api_student_id_seq; Type: SEQUENCE SET; Schema: public; Owner: neharix
--

SELECT pg_catalog.setval('public.api_student_id_seq', 16, true);


--
-- Name: api_teacherstatement_id_seq; Type: SEQUENCE SET; Schema: public; Owner: neharix
--

SELECT pg_catalog.setval('public.api_teacherstatement_id_seq', 1, false);


--
-- Name: api_teacherstatement_viewed_by_id_seq; Type: SEQUENCE SET; Schema: public; Owner: neharix
--

SELECT pg_catalog.setval('public.api_teacherstatement_viewed_by_id_seq', 1, false);


--
-- Name: auth_group_id_seq; Type: SEQUENCE SET; Schema: public; Owner: neharix
--

SELECT pg_catalog.setval('public.auth_group_id_seq', 1, false);


--
-- Name: auth_group_permissions_id_seq; Type: SEQUENCE SET; Schema: public; Owner: neharix
--

SELECT pg_catalog.setval('public.auth_group_permissions_id_seq', 1, false);


--
-- Name: auth_permission_id_seq; Type: SEQUENCE SET; Schema: public; Owner: neharix
--

SELECT pg_catalog.setval('public.auth_permission_id_seq', 112, true);


--
-- Name: auth_user_groups_id_seq; Type: SEQUENCE SET; Schema: public; Owner: neharix
--

SELECT pg_catalog.setval('public.auth_user_groups_id_seq', 1, false);


--
-- Name: auth_user_id_seq; Type: SEQUENCE SET; Schema: public; Owner: neharix
--

SELECT pg_catalog.setval('public.auth_user_id_seq', 25, true);


--
-- Name: auth_user_user_permissions_id_seq; Type: SEQUENCE SET; Schema: public; Owner: neharix
--

SELECT pg_catalog.setval('public.auth_user_user_permissions_id_seq', 1, false);


--
-- Name: django_admin_log_id_seq; Type: SEQUENCE SET; Schema: public; Owner: neharix
--

SELECT pg_catalog.setval('public.django_admin_log_id_seq', 21, true);


--
-- Name: django_content_type_id_seq; Type: SEQUENCE SET; Schema: public; Owner: neharix
--

SELECT pg_catalog.setval('public.django_content_type_id_seq', 28, true);


--
-- Name: django_migrations_id_seq; Type: SEQUENCE SET; Schema: public; Owner: neharix
--

SELECT pg_catalog.setval('public.django_migrations_id_seq', 48, true);


--
-- Name: api_annualupdatereport api_annualupdatereport_pkey; Type: CONSTRAINT; Schema: public; Owner: neharix
--

ALTER TABLE ONLY public.api_annualupdatereport
    ADD CONSTRAINT api_annualupdatereport_pkey PRIMARY KEY (id);


--
-- Name: api_classificator api_classificator_pkey; Type: CONSTRAINT; Schema: public; Owner: neharix
--

ALTER TABLE ONLY public.api_classificator
    ADD CONSTRAINT api_classificator_pkey PRIMARY KEY (id);


--
-- Name: api_country api_country_pkey; Type: CONSTRAINT; Schema: public; Owner: neharix
--

ALTER TABLE ONLY public.api_country
    ADD CONSTRAINT api_country_pkey PRIMARY KEY (id);


--
-- Name: api_degree api_degree_pkey; Type: CONSTRAINT; Schema: public; Owner: neharix
--

ALTER TABLE ONLY public.api_degree
    ADD CONSTRAINT api_degree_pkey PRIMARY KEY (id);


--
-- Name: api_department api_department_pkey; Type: CONSTRAINT; Schema: public; Owner: neharix
--

ALTER TABLE ONLY public.api_department
    ADD CONSTRAINT api_department_pkey PRIMARY KEY (id);


--
-- Name: api_departmentspecialization api_departmentspecialization_pkey; Type: CONSTRAINT; Schema: public; Owner: neharix
--

ALTER TABLE ONLY public.api_departmentspecialization
    ADD CONSTRAINT api_departmentspecialization_pkey PRIMARY KEY (id);


--
-- Name: api_diplomareport api_diplomareport_pkey; Type: CONSTRAINT; Schema: public; Owner: neharix
--

ALTER TABLE ONLY public.api_diplomareport
    ADD CONSTRAINT api_diplomareport_pkey PRIMARY KEY (id);


--
-- Name: api_diplomarequest api_diplomarequest_pkey; Type: CONSTRAINT; Schema: public; Owner: neharix
--

ALTER TABLE ONLY public.api_diplomarequest
    ADD CONSTRAINT api_diplomarequest_pkey PRIMARY KEY (id);


--
-- Name: api_diplomarequest_viewed_by api_diplomarequest_viewe_diplomarequest_id_user_i_7bcfdeb9_uniq; Type: CONSTRAINT; Schema: public; Owner: neharix
--

ALTER TABLE ONLY public.api_diplomarequest_viewed_by
    ADD CONSTRAINT api_diplomarequest_viewe_diplomarequest_id_user_i_7bcfdeb9_uniq UNIQUE (diplomarequest_id, user_id);


--
-- Name: api_diplomarequest_viewed_by api_diplomarequest_viewed_by_pkey; Type: CONSTRAINT; Schema: public; Owner: neharix
--

ALTER TABLE ONLY public.api_diplomarequest_viewed_by
    ADD CONSTRAINT api_diplomarequest_viewed_by_pkey PRIMARY KEY (id);


--
-- Name: api_diplomarequestaction api_diplomarequestaction_pkey; Type: CONSTRAINT; Schema: public; Owner: neharix
--

ALTER TABLE ONLY public.api_diplomarequestaction
    ADD CONSTRAINT api_diplomarequestaction_pkey PRIMARY KEY (id);


--
-- Name: api_expulsionreason api_expulsionreason_pkey; Type: CONSTRAINT; Schema: public; Owner: neharix
--

ALTER TABLE ONLY public.api_expulsionreason
    ADD CONSTRAINT api_expulsionreason_pkey PRIMARY KEY (id);


--
-- Name: api_expulsionrequest api_expulsionrequest_pkey; Type: CONSTRAINT; Schema: public; Owner: neharix
--

ALTER TABLE ONLY public.api_expulsionrequest
    ADD CONSTRAINT api_expulsionrequest_pkey PRIMARY KEY (id);


--
-- Name: api_expulsionrequest_viewed_by api_expulsionrequest_vie_expulsionrequest_id_user_b029212e_uniq; Type: CONSTRAINT; Schema: public; Owner: neharix
--

ALTER TABLE ONLY public.api_expulsionrequest_viewed_by
    ADD CONSTRAINT api_expulsionrequest_vie_expulsionrequest_id_user_b029212e_uniq UNIQUE (expulsionrequest_id, user_id);


--
-- Name: api_expulsionrequest_viewed_by api_expulsionrequest_viewed_by_pkey; Type: CONSTRAINT; Schema: public; Owner: neharix
--

ALTER TABLE ONLY public.api_expulsionrequest_viewed_by
    ADD CONSTRAINT api_expulsionrequest_viewed_by_pkey PRIMARY KEY (id);


--
-- Name: api_faculty api_faculty_pkey; Type: CONSTRAINT; Schema: public; Owner: neharix
--

ALTER TABLE ONLY public.api_faculty
    ADD CONSTRAINT api_faculty_pkey PRIMARY KEY (id);


--
-- Name: api_facultydepartment api_facultydepartment_pkey; Type: CONSTRAINT; Schema: public; Owner: neharix
--

ALTER TABLE ONLY public.api_facultydepartment
    ADD CONSTRAINT api_facultydepartment_pkey PRIMARY KEY (id);


--
-- Name: api_highschool api_highschool_manager_id_key; Type: CONSTRAINT; Schema: public; Owner: neharix
--

ALTER TABLE ONLY public.api_highschool
    ADD CONSTRAINT api_highschool_manager_id_key UNIQUE (manager_id);


--
-- Name: api_highschool api_highschool_pkey; Type: CONSTRAINT; Schema: public; Owner: neharix
--

ALTER TABLE ONLY public.api_highschool
    ADD CONSTRAINT api_highschool_pkey PRIMARY KEY (id);


--
-- Name: api_highschoolfaculty api_highschoolfaculty_pkey; Type: CONSTRAINT; Schema: public; Owner: neharix
--

ALTER TABLE ONLY public.api_highschoolfaculty
    ADD CONSTRAINT api_highschoolfaculty_pkey PRIMARY KEY (id);


--
-- Name: api_nationality api_nationality_pkey; Type: CONSTRAINT; Schema: public; Owner: neharix
--

ALTER TABLE ONLY public.api_nationality
    ADD CONSTRAINT api_nationality_pkey PRIMARY KEY (id);


--
-- Name: api_profile api_profile_pkey; Type: CONSTRAINT; Schema: public; Owner: neharix
--

ALTER TABLE ONLY public.api_profile
    ADD CONSTRAINT api_profile_pkey PRIMARY KEY (id);


--
-- Name: api_profile api_profile_user_id_key; Type: CONSTRAINT; Schema: public; Owner: neharix
--

ALTER TABLE ONLY public.api_profile
    ADD CONSTRAINT api_profile_user_id_key UNIQUE (user_id);


--
-- Name: api_region api_region_pkey; Type: CONSTRAINT; Schema: public; Owner: neharix
--

ALTER TABLE ONLY public.api_region
    ADD CONSTRAINT api_region_pkey PRIMARY KEY (id);


--
-- Name: api_reinstaterequest api_reinstaterequest_pkey; Type: CONSTRAINT; Schema: public; Owner: neharix
--

ALTER TABLE ONLY public.api_reinstaterequest
    ADD CONSTRAINT api_reinstaterequest_pkey PRIMARY KEY (id);


--
-- Name: api_reinstaterequest_viewed_by api_reinstaterequest_vie_reinstaterequest_id_user_93b703c6_uniq; Type: CONSTRAINT; Schema: public; Owner: neharix
--

ALTER TABLE ONLY public.api_reinstaterequest_viewed_by
    ADD CONSTRAINT api_reinstaterequest_vie_reinstaterequest_id_user_93b703c6_uniq UNIQUE (reinstaterequest_id, user_id);


--
-- Name: api_reinstaterequest_viewed_by api_reinstaterequest_viewed_by_pkey; Type: CONSTRAINT; Schema: public; Owner: neharix
--

ALTER TABLE ONLY public.api_reinstaterequest_viewed_by
    ADD CONSTRAINT api_reinstaterequest_viewed_by_pkey PRIMARY KEY (id);


--
-- Name: api_specialization api_specialization_pkey; Type: CONSTRAINT; Schema: public; Owner: neharix
--

ALTER TABLE ONLY public.api_specialization
    ADD CONSTRAINT api_specialization_pkey PRIMARY KEY (id);


--
-- Name: api_student api_student_pkey; Type: CONSTRAINT; Schema: public; Owner: neharix
--

ALTER TABLE ONLY public.api_student
    ADD CONSTRAINT api_student_pkey PRIMARY KEY (id);


--
-- Name: api_teacherstatement api_teacherstatement_pkey; Type: CONSTRAINT; Schema: public; Owner: neharix
--

ALTER TABLE ONLY public.api_teacherstatement
    ADD CONSTRAINT api_teacherstatement_pkey PRIMARY KEY (id);


--
-- Name: api_teacherstatement_viewed_by api_teacherstatement_vie_teacherstatement_id_user_547e7f60_uniq; Type: CONSTRAINT; Schema: public; Owner: neharix
--

ALTER TABLE ONLY public.api_teacherstatement_viewed_by
    ADD CONSTRAINT api_teacherstatement_vie_teacherstatement_id_user_547e7f60_uniq UNIQUE (teacherstatement_id, user_id);


--
-- Name: api_teacherstatement_viewed_by api_teacherstatement_viewed_by_pkey; Type: CONSTRAINT; Schema: public; Owner: neharix
--

ALTER TABLE ONLY public.api_teacherstatement_viewed_by
    ADD CONSTRAINT api_teacherstatement_viewed_by_pkey PRIMARY KEY (id);


--
-- Name: auth_group auth_group_name_key; Type: CONSTRAINT; Schema: public; Owner: neharix
--

ALTER TABLE ONLY public.auth_group
    ADD CONSTRAINT auth_group_name_key UNIQUE (name);


--
-- Name: auth_group_permissions auth_group_permissions_group_id_permission_id_0cd325b0_uniq; Type: CONSTRAINT; Schema: public; Owner: neharix
--

ALTER TABLE ONLY public.auth_group_permissions
    ADD CONSTRAINT auth_group_permissions_group_id_permission_id_0cd325b0_uniq UNIQUE (group_id, permission_id);


--
-- Name: auth_group_permissions auth_group_permissions_pkey; Type: CONSTRAINT; Schema: public; Owner: neharix
--

ALTER TABLE ONLY public.auth_group_permissions
    ADD CONSTRAINT auth_group_permissions_pkey PRIMARY KEY (id);


--
-- Name: auth_group auth_group_pkey; Type: CONSTRAINT; Schema: public; Owner: neharix
--

ALTER TABLE ONLY public.auth_group
    ADD CONSTRAINT auth_group_pkey PRIMARY KEY (id);


--
-- Name: auth_permission auth_permission_content_type_id_codename_01ab375a_uniq; Type: CONSTRAINT; Schema: public; Owner: neharix
--

ALTER TABLE ONLY public.auth_permission
    ADD CONSTRAINT auth_permission_content_type_id_codename_01ab375a_uniq UNIQUE (content_type_id, codename);


--
-- Name: auth_permission auth_permission_pkey; Type: CONSTRAINT; Schema: public; Owner: neharix
--

ALTER TABLE ONLY public.auth_permission
    ADD CONSTRAINT auth_permission_pkey PRIMARY KEY (id);


--
-- Name: auth_user_groups auth_user_groups_pkey; Type: CONSTRAINT; Schema: public; Owner: neharix
--

ALTER TABLE ONLY public.auth_user_groups
    ADD CONSTRAINT auth_user_groups_pkey PRIMARY KEY (id);


--
-- Name: auth_user_groups auth_user_groups_user_id_group_id_94350c0c_uniq; Type: CONSTRAINT; Schema: public; Owner: neharix
--

ALTER TABLE ONLY public.auth_user_groups
    ADD CONSTRAINT auth_user_groups_user_id_group_id_94350c0c_uniq UNIQUE (user_id, group_id);


--
-- Name: auth_user auth_user_pkey; Type: CONSTRAINT; Schema: public; Owner: neharix
--

ALTER TABLE ONLY public.auth_user
    ADD CONSTRAINT auth_user_pkey PRIMARY KEY (id);


--
-- Name: auth_user_user_permissions auth_user_user_permissions_pkey; Type: CONSTRAINT; Schema: public; Owner: neharix
--

ALTER TABLE ONLY public.auth_user_user_permissions
    ADD CONSTRAINT auth_user_user_permissions_pkey PRIMARY KEY (id);


--
-- Name: auth_user_user_permissions auth_user_user_permissions_user_id_permission_id_14a6b632_uniq; Type: CONSTRAINT; Schema: public; Owner: neharix
--

ALTER TABLE ONLY public.auth_user_user_permissions
    ADD CONSTRAINT auth_user_user_permissions_user_id_permission_id_14a6b632_uniq UNIQUE (user_id, permission_id);


--
-- Name: auth_user auth_user_username_key; Type: CONSTRAINT; Schema: public; Owner: neharix
--

ALTER TABLE ONLY public.auth_user
    ADD CONSTRAINT auth_user_username_key UNIQUE (username);


--
-- Name: django_admin_log django_admin_log_pkey; Type: CONSTRAINT; Schema: public; Owner: neharix
--

ALTER TABLE ONLY public.django_admin_log
    ADD CONSTRAINT django_admin_log_pkey PRIMARY KEY (id);


--
-- Name: django_content_type django_content_type_app_label_model_76bd3d3b_uniq; Type: CONSTRAINT; Schema: public; Owner: neharix
--

ALTER TABLE ONLY public.django_content_type
    ADD CONSTRAINT django_content_type_app_label_model_76bd3d3b_uniq UNIQUE (app_label, model);


--
-- Name: django_content_type django_content_type_pkey; Type: CONSTRAINT; Schema: public; Owner: neharix
--

ALTER TABLE ONLY public.django_content_type
    ADD CONSTRAINT django_content_type_pkey PRIMARY KEY (id);


--
-- Name: django_migrations django_migrations_pkey; Type: CONSTRAINT; Schema: public; Owner: neharix
--

ALTER TABLE ONLY public.django_migrations
    ADD CONSTRAINT django_migrations_pkey PRIMARY KEY (id);


--
-- Name: django_session django_session_pkey; Type: CONSTRAINT; Schema: public; Owner: neharix
--

ALTER TABLE ONLY public.django_session
    ADD CONSTRAINT django_session_pkey PRIMARY KEY (session_key);


--
-- Name: api_departmentspecialization_faculty_department_id_e9f20155; Type: INDEX; Schema: public; Owner: neharix
--

CREATE INDEX api_departmentspecialization_faculty_department_id_e9f20155 ON public.api_departmentspecialization USING btree (faculty_department_id);


--
-- Name: api_departmentspecialization_specialization_id_393a4942; Type: INDEX; Schema: public; Owner: neharix
--

CREATE INDEX api_departmentspecialization_specialization_id_393a4942 ON public.api_departmentspecialization USING btree (specialization_id);


--
-- Name: api_diplomareport_diploma_request_id_cdca0704; Type: INDEX; Schema: public; Owner: neharix
--

CREATE INDEX api_diplomareport_diploma_request_id_cdca0704 ON public.api_diplomareport USING btree (diploma_request_id);


--
-- Name: api_diplomarequest_sender_id_ecda6c21; Type: INDEX; Schema: public; Owner: neharix
--

CREATE INDEX api_diplomarequest_sender_id_ecda6c21 ON public.api_diplomarequest USING btree (sender_id);


--
-- Name: api_diplomarequest_viewed_by_diplomarequest_id_c46697db; Type: INDEX; Schema: public; Owner: neharix
--

CREATE INDEX api_diplomarequest_viewed_by_diplomarequest_id_c46697db ON public.api_diplomarequest_viewed_by USING btree (diplomarequest_id);


--
-- Name: api_diplomarequest_viewed_by_user_id_79a8884b; Type: INDEX; Schema: public; Owner: neharix
--

CREATE INDEX api_diplomarequest_viewed_by_user_id_79a8884b ON public.api_diplomarequest_viewed_by USING btree (user_id);


--
-- Name: api_diplomarequestaction_diploma_request_id_2ca62c9d; Type: INDEX; Schema: public; Owner: neharix
--

CREATE INDEX api_diplomarequestaction_diploma_request_id_2ca62c9d ON public.api_diplomarequestaction USING btree (diploma_request_id);


--
-- Name: api_expulsionrequest_reason_id_3ba02c99; Type: INDEX; Schema: public; Owner: neharix
--

CREATE INDEX api_expulsionrequest_reason_id_3ba02c99 ON public.api_expulsionrequest USING btree (reason_id);


--
-- Name: api_expulsionrequest_sender_id_aef69bb4; Type: INDEX; Schema: public; Owner: neharix
--

CREATE INDEX api_expulsionrequest_sender_id_aef69bb4 ON public.api_expulsionrequest USING btree (sender_id);


--
-- Name: api_expulsionrequest_student_id_7f02adfc; Type: INDEX; Schema: public; Owner: neharix
--

CREATE INDEX api_expulsionrequest_student_id_7f02adfc ON public.api_expulsionrequest USING btree (student_id);


--
-- Name: api_expulsionrequest_viewed_by_expulsionrequest_id_b7fc9ec6; Type: INDEX; Schema: public; Owner: neharix
--

CREATE INDEX api_expulsionrequest_viewed_by_expulsionrequest_id_b7fc9ec6 ON public.api_expulsionrequest_viewed_by USING btree (expulsionrequest_id);


--
-- Name: api_expulsionrequest_viewed_by_user_id_22b31c65; Type: INDEX; Schema: public; Owner: neharix
--

CREATE INDEX api_expulsionrequest_viewed_by_user_id_22b31c65 ON public.api_expulsionrequest_viewed_by USING btree (user_id);


--
-- Name: api_facultydepartment_department_id_82f42643; Type: INDEX; Schema: public; Owner: neharix
--

CREATE INDEX api_facultydepartment_department_id_82f42643 ON public.api_facultydepartment USING btree (department_id);


--
-- Name: api_facultydepartment_high_school_faculty_id_f1f8a7e8; Type: INDEX; Schema: public; Owner: neharix
--

CREATE INDEX api_facultydepartment_high_school_faculty_id_f1f8a7e8 ON public.api_facultydepartment USING btree (high_school_faculty_id);


--
-- Name: api_highschoolfaculty_faculty_id_26a2f790; Type: INDEX; Schema: public; Owner: neharix
--

CREATE INDEX api_highschoolfaculty_faculty_id_26a2f790 ON public.api_highschoolfaculty USING btree (faculty_id);


--
-- Name: api_highschoolfaculty_high_school_id_11120639; Type: INDEX; Schema: public; Owner: neharix
--

CREATE INDEX api_highschoolfaculty_high_school_id_11120639 ON public.api_highschoolfaculty USING btree (high_school_id);


--
-- Name: api_reinstaterequest_sender_id_817224e1; Type: INDEX; Schema: public; Owner: neharix
--

CREATE INDEX api_reinstaterequest_sender_id_817224e1 ON public.api_reinstaterequest USING btree (sender_id);


--
-- Name: api_reinstaterequest_student_id_7233a405; Type: INDEX; Schema: public; Owner: neharix
--

CREATE INDEX api_reinstaterequest_student_id_7233a405 ON public.api_reinstaterequest USING btree (student_id);


--
-- Name: api_reinstaterequest_viewed_by_reinstaterequest_id_f2c9b080; Type: INDEX; Schema: public; Owner: neharix
--

CREATE INDEX api_reinstaterequest_viewed_by_reinstaterequest_id_f2c9b080 ON public.api_reinstaterequest_viewed_by USING btree (reinstaterequest_id);


--
-- Name: api_reinstaterequest_viewed_by_user_id_cd2f8618; Type: INDEX; Schema: public; Owner: neharix
--

CREATE INDEX api_reinstaterequest_viewed_by_user_id_cd2f8618 ON public.api_reinstaterequest_viewed_by USING btree (user_id);


--
-- Name: api_specialization_classificator_id_efae9181; Type: INDEX; Schema: public; Owner: neharix
--

CREATE INDEX api_specialization_classificator_id_efae9181 ON public.api_specialization USING btree (classificator_id);


--
-- Name: api_specialization_degree_id_10fbf8ae; Type: INDEX; Schema: public; Owner: neharix
--

CREATE INDEX api_specialization_degree_id_10fbf8ae ON public.api_specialization USING btree (degree_id);


--
-- Name: api_student_country_id_47784322; Type: INDEX; Schema: public; Owner: neharix
--

CREATE INDEX api_student_country_id_47784322 ON public.api_student USING btree (country_id);


--
-- Name: api_student_high_school_id_163b48c9; Type: INDEX; Schema: public; Owner: neharix
--

CREATE INDEX api_student_high_school_id_163b48c9 ON public.api_student USING btree (high_school_id);


--
-- Name: api_student_nationality_id_7220c1b3; Type: INDEX; Schema: public; Owner: neharix
--

CREATE INDEX api_student_nationality_id_7220c1b3 ON public.api_student USING btree (nationality_id);


--
-- Name: api_student_region_id_0c7a26e1; Type: INDEX; Schema: public; Owner: neharix
--

CREATE INDEX api_student_region_id_0c7a26e1 ON public.api_student USING btree (region_id);


--
-- Name: api_student_specialization_id_91e75e93; Type: INDEX; Schema: public; Owner: neharix
--

CREATE INDEX api_student_specialization_id_91e75e93 ON public.api_student USING btree (specialization_id);


--
-- Name: api_teacherstatement_sender_id_7eed6492; Type: INDEX; Schema: public; Owner: neharix
--

CREATE INDEX api_teacherstatement_sender_id_7eed6492 ON public.api_teacherstatement USING btree (sender_id);


--
-- Name: api_teacherstatement_viewed_by_teacherstatement_id_55f4e3af; Type: INDEX; Schema: public; Owner: neharix
--

CREATE INDEX api_teacherstatement_viewed_by_teacherstatement_id_55f4e3af ON public.api_teacherstatement_viewed_by USING btree (teacherstatement_id);


--
-- Name: api_teacherstatement_viewed_by_user_id_05f911e2; Type: INDEX; Schema: public; Owner: neharix
--

CREATE INDEX api_teacherstatement_viewed_by_user_id_05f911e2 ON public.api_teacherstatement_viewed_by USING btree (user_id);


--
-- Name: auth_group_name_a6ea08ec_like; Type: INDEX; Schema: public; Owner: neharix
--

CREATE INDEX auth_group_name_a6ea08ec_like ON public.auth_group USING btree (name varchar_pattern_ops);


--
-- Name: auth_group_permissions_group_id_b120cbf9; Type: INDEX; Schema: public; Owner: neharix
--

CREATE INDEX auth_group_permissions_group_id_b120cbf9 ON public.auth_group_permissions USING btree (group_id);


--
-- Name: auth_group_permissions_permission_id_84c5c92e; Type: INDEX; Schema: public; Owner: neharix
--

CREATE INDEX auth_group_permissions_permission_id_84c5c92e ON public.auth_group_permissions USING btree (permission_id);


--
-- Name: auth_permission_content_type_id_2f476e4b; Type: INDEX; Schema: public; Owner: neharix
--

CREATE INDEX auth_permission_content_type_id_2f476e4b ON public.auth_permission USING btree (content_type_id);


--
-- Name: auth_user_groups_group_id_97559544; Type: INDEX; Schema: public; Owner: neharix
--

CREATE INDEX auth_user_groups_group_id_97559544 ON public.auth_user_groups USING btree (group_id);


--
-- Name: auth_user_groups_user_id_6a12ed8b; Type: INDEX; Schema: public; Owner: neharix
--

CREATE INDEX auth_user_groups_user_id_6a12ed8b ON public.auth_user_groups USING btree (user_id);


--
-- Name: auth_user_user_permissions_permission_id_1fbb5f2c; Type: INDEX; Schema: public; Owner: neharix
--

CREATE INDEX auth_user_user_permissions_permission_id_1fbb5f2c ON public.auth_user_user_permissions USING btree (permission_id);


--
-- Name: auth_user_user_permissions_user_id_a95ead1b; Type: INDEX; Schema: public; Owner: neharix
--

CREATE INDEX auth_user_user_permissions_user_id_a95ead1b ON public.auth_user_user_permissions USING btree (user_id);


--
-- Name: auth_user_username_6821ab7c_like; Type: INDEX; Schema: public; Owner: neharix
--

CREATE INDEX auth_user_username_6821ab7c_like ON public.auth_user USING btree (username varchar_pattern_ops);


--
-- Name: django_admin_log_content_type_id_c4bce8eb; Type: INDEX; Schema: public; Owner: neharix
--

CREATE INDEX django_admin_log_content_type_id_c4bce8eb ON public.django_admin_log USING btree (content_type_id);


--
-- Name: django_admin_log_user_id_c564eba6; Type: INDEX; Schema: public; Owner: neharix
--

CREATE INDEX django_admin_log_user_id_c564eba6 ON public.django_admin_log USING btree (user_id);


--
-- Name: django_session_expire_date_a5c62663; Type: INDEX; Schema: public; Owner: neharix
--

CREATE INDEX django_session_expire_date_a5c62663 ON public.django_session USING btree (expire_date);


--
-- Name: django_session_session_key_c0390e0f_like; Type: INDEX; Schema: public; Owner: neharix
--

CREATE INDEX django_session_session_key_c0390e0f_like ON public.django_session USING btree (session_key varchar_pattern_ops);


--
-- Name: api_departmentspecialization api_departmentspecia_faculty_department_i_e9f20155_fk_api_facul; Type: FK CONSTRAINT; Schema: public; Owner: neharix
--

ALTER TABLE ONLY public.api_departmentspecialization
    ADD CONSTRAINT api_departmentspecia_faculty_department_i_e9f20155_fk_api_facul FOREIGN KEY (faculty_department_id) REFERENCES public.api_facultydepartment(id) DEFERRABLE INITIALLY DEFERRED;


--
-- Name: api_departmentspecialization api_departmentspecia_specialization_id_393a4942_fk_api_speci; Type: FK CONSTRAINT; Schema: public; Owner: neharix
--

ALTER TABLE ONLY public.api_departmentspecialization
    ADD CONSTRAINT api_departmentspecia_specialization_id_393a4942_fk_api_speci FOREIGN KEY (specialization_id) REFERENCES public.api_specialization(id) DEFERRABLE INITIALLY DEFERRED;


--
-- Name: api_diplomareport api_diplomareport_diploma_request_id_cdca0704_fk_api_diplo; Type: FK CONSTRAINT; Schema: public; Owner: neharix
--

ALTER TABLE ONLY public.api_diplomareport
    ADD CONSTRAINT api_diplomareport_diploma_request_id_cdca0704_fk_api_diplo FOREIGN KEY (diploma_request_id) REFERENCES public.api_diplomarequest(id) DEFERRABLE INITIALLY DEFERRED;


--
-- Name: api_diplomarequest api_diplomarequest_sender_id_ecda6c21_fk_auth_user_id; Type: FK CONSTRAINT; Schema: public; Owner: neharix
--

ALTER TABLE ONLY public.api_diplomarequest
    ADD CONSTRAINT api_diplomarequest_sender_id_ecda6c21_fk_auth_user_id FOREIGN KEY (sender_id) REFERENCES public.auth_user(id) DEFERRABLE INITIALLY DEFERRED;


--
-- Name: api_diplomarequest_viewed_by api_diplomarequest_v_diplomarequest_id_c46697db_fk_api_diplo; Type: FK CONSTRAINT; Schema: public; Owner: neharix
--

ALTER TABLE ONLY public.api_diplomarequest_viewed_by
    ADD CONSTRAINT api_diplomarequest_v_diplomarequest_id_c46697db_fk_api_diplo FOREIGN KEY (diplomarequest_id) REFERENCES public.api_diplomarequest(id) DEFERRABLE INITIALLY DEFERRED;


--
-- Name: api_diplomarequest_viewed_by api_diplomarequest_viewed_by_user_id_79a8884b_fk_auth_user_id; Type: FK CONSTRAINT; Schema: public; Owner: neharix
--

ALTER TABLE ONLY public.api_diplomarequest_viewed_by
    ADD CONSTRAINT api_diplomarequest_viewed_by_user_id_79a8884b_fk_auth_user_id FOREIGN KEY (user_id) REFERENCES public.auth_user(id) DEFERRABLE INITIALLY DEFERRED;


--
-- Name: api_diplomarequestaction api_diplomarequestac_diploma_request_id_2ca62c9d_fk_api_diplo; Type: FK CONSTRAINT; Schema: public; Owner: neharix
--

ALTER TABLE ONLY public.api_diplomarequestaction
    ADD CONSTRAINT api_diplomarequestac_diploma_request_id_2ca62c9d_fk_api_diplo FOREIGN KEY (diploma_request_id) REFERENCES public.api_diplomarequest(id) DEFERRABLE INITIALLY DEFERRED;


--
-- Name: api_expulsionrequest_viewed_by api_expulsionrequest_expulsionrequest_id_b7fc9ec6_fk_api_expul; Type: FK CONSTRAINT; Schema: public; Owner: neharix
--

ALTER TABLE ONLY public.api_expulsionrequest_viewed_by
    ADD CONSTRAINT api_expulsionrequest_expulsionrequest_id_b7fc9ec6_fk_api_expul FOREIGN KEY (expulsionrequest_id) REFERENCES public.api_expulsionrequest(id) DEFERRABLE INITIALLY DEFERRED;


--
-- Name: api_expulsionrequest api_expulsionrequest_reason_id_3ba02c99_fk_api_expul; Type: FK CONSTRAINT; Schema: public; Owner: neharix
--

ALTER TABLE ONLY public.api_expulsionrequest
    ADD CONSTRAINT api_expulsionrequest_reason_id_3ba02c99_fk_api_expul FOREIGN KEY (reason_id) REFERENCES public.api_expulsionreason(id) DEFERRABLE INITIALLY DEFERRED;


--
-- Name: api_expulsionrequest api_expulsionrequest_sender_id_aef69bb4_fk_auth_user_id; Type: FK CONSTRAINT; Schema: public; Owner: neharix
--

ALTER TABLE ONLY public.api_expulsionrequest
    ADD CONSTRAINT api_expulsionrequest_sender_id_aef69bb4_fk_auth_user_id FOREIGN KEY (sender_id) REFERENCES public.auth_user(id) DEFERRABLE INITIALLY DEFERRED;


--
-- Name: api_expulsionrequest api_expulsionrequest_student_id_7f02adfc_fk_api_student_id; Type: FK CONSTRAINT; Schema: public; Owner: neharix
--

ALTER TABLE ONLY public.api_expulsionrequest
    ADD CONSTRAINT api_expulsionrequest_student_id_7f02adfc_fk_api_student_id FOREIGN KEY (student_id) REFERENCES public.api_student(id) DEFERRABLE INITIALLY DEFERRED;


--
-- Name: api_expulsionrequest_viewed_by api_expulsionrequest_viewed_by_user_id_22b31c65_fk_auth_user_id; Type: FK CONSTRAINT; Schema: public; Owner: neharix
--

ALTER TABLE ONLY public.api_expulsionrequest_viewed_by
    ADD CONSTRAINT api_expulsionrequest_viewed_by_user_id_22b31c65_fk_auth_user_id FOREIGN KEY (user_id) REFERENCES public.auth_user(id) DEFERRABLE INITIALLY DEFERRED;


--
-- Name: api_facultydepartment api_facultydepartmen_department_id_82f42643_fk_api_depar; Type: FK CONSTRAINT; Schema: public; Owner: neharix
--

ALTER TABLE ONLY public.api_facultydepartment
    ADD CONSTRAINT api_facultydepartmen_department_id_82f42643_fk_api_depar FOREIGN KEY (department_id) REFERENCES public.api_department(id) DEFERRABLE INITIALLY DEFERRED;


--
-- Name: api_facultydepartment api_facultydepartmen_high_school_faculty__f1f8a7e8_fk_api_highs; Type: FK CONSTRAINT; Schema: public; Owner: neharix
--

ALTER TABLE ONLY public.api_facultydepartment
    ADD CONSTRAINT api_facultydepartmen_high_school_faculty__f1f8a7e8_fk_api_highs FOREIGN KEY (high_school_faculty_id) REFERENCES public.api_highschoolfaculty(id) DEFERRABLE INITIALLY DEFERRED;


--
-- Name: api_highschool api_highschool_manager_id_7023e769_fk_api_profile_id; Type: FK CONSTRAINT; Schema: public; Owner: neharix
--

ALTER TABLE ONLY public.api_highschool
    ADD CONSTRAINT api_highschool_manager_id_7023e769_fk_api_profile_id FOREIGN KEY (manager_id) REFERENCES public.api_profile(id) DEFERRABLE INITIALLY DEFERRED;


--
-- Name: api_highschoolfaculty api_highschoolfacult_high_school_id_11120639_fk_api_highs; Type: FK CONSTRAINT; Schema: public; Owner: neharix
--

ALTER TABLE ONLY public.api_highschoolfaculty
    ADD CONSTRAINT api_highschoolfacult_high_school_id_11120639_fk_api_highs FOREIGN KEY (high_school_id) REFERENCES public.api_highschool(id) DEFERRABLE INITIALLY DEFERRED;


--
-- Name: api_highschoolfaculty api_highschoolfaculty_faculty_id_26a2f790_fk_api_faculty_id; Type: FK CONSTRAINT; Schema: public; Owner: neharix
--

ALTER TABLE ONLY public.api_highschoolfaculty
    ADD CONSTRAINT api_highschoolfaculty_faculty_id_26a2f790_fk_api_faculty_id FOREIGN KEY (faculty_id) REFERENCES public.api_faculty(id) DEFERRABLE INITIALLY DEFERRED;


--
-- Name: api_profile api_profile_user_id_41309820_fk_auth_user_id; Type: FK CONSTRAINT; Schema: public; Owner: neharix
--

ALTER TABLE ONLY public.api_profile
    ADD CONSTRAINT api_profile_user_id_41309820_fk_auth_user_id FOREIGN KEY (user_id) REFERENCES public.auth_user(id) DEFERRABLE INITIALLY DEFERRED;


--
-- Name: api_reinstaterequest_viewed_by api_reinstaterequest_reinstaterequest_id_f2c9b080_fk_api_reins; Type: FK CONSTRAINT; Schema: public; Owner: neharix
--

ALTER TABLE ONLY public.api_reinstaterequest_viewed_by
    ADD CONSTRAINT api_reinstaterequest_reinstaterequest_id_f2c9b080_fk_api_reins FOREIGN KEY (reinstaterequest_id) REFERENCES public.api_reinstaterequest(id) DEFERRABLE INITIALLY DEFERRED;


--
-- Name: api_reinstaterequest api_reinstaterequest_sender_id_817224e1_fk_auth_user_id; Type: FK CONSTRAINT; Schema: public; Owner: neharix
--

ALTER TABLE ONLY public.api_reinstaterequest
    ADD CONSTRAINT api_reinstaterequest_sender_id_817224e1_fk_auth_user_id FOREIGN KEY (sender_id) REFERENCES public.auth_user(id) DEFERRABLE INITIALLY DEFERRED;


--
-- Name: api_reinstaterequest api_reinstaterequest_student_id_7233a405_fk_api_student_id; Type: FK CONSTRAINT; Schema: public; Owner: neharix
--

ALTER TABLE ONLY public.api_reinstaterequest
    ADD CONSTRAINT api_reinstaterequest_student_id_7233a405_fk_api_student_id FOREIGN KEY (student_id) REFERENCES public.api_student(id) DEFERRABLE INITIALLY DEFERRED;


--
-- Name: api_reinstaterequest_viewed_by api_reinstaterequest_viewed_by_user_id_cd2f8618_fk_auth_user_id; Type: FK CONSTRAINT; Schema: public; Owner: neharix
--

ALTER TABLE ONLY public.api_reinstaterequest_viewed_by
    ADD CONSTRAINT api_reinstaterequest_viewed_by_user_id_cd2f8618_fk_auth_user_id FOREIGN KEY (user_id) REFERENCES public.auth_user(id) DEFERRABLE INITIALLY DEFERRED;


--
-- Name: api_specialization api_specialization_classificator_id_efae9181_fk_api_class; Type: FK CONSTRAINT; Schema: public; Owner: neharix
--

ALTER TABLE ONLY public.api_specialization
    ADD CONSTRAINT api_specialization_classificator_id_efae9181_fk_api_class FOREIGN KEY (classificator_id) REFERENCES public.api_classificator(id) DEFERRABLE INITIALLY DEFERRED;


--
-- Name: api_specialization api_specialization_degree_id_10fbf8ae_fk_api_degree_id; Type: FK CONSTRAINT; Schema: public; Owner: neharix
--

ALTER TABLE ONLY public.api_specialization
    ADD CONSTRAINT api_specialization_degree_id_10fbf8ae_fk_api_degree_id FOREIGN KEY (degree_id) REFERENCES public.api_degree(id) DEFERRABLE INITIALLY DEFERRED;


--
-- Name: api_student api_student_country_id_47784322_fk_api_country_id; Type: FK CONSTRAINT; Schema: public; Owner: neharix
--

ALTER TABLE ONLY public.api_student
    ADD CONSTRAINT api_student_country_id_47784322_fk_api_country_id FOREIGN KEY (country_id) REFERENCES public.api_country(id) DEFERRABLE INITIALLY DEFERRED;


--
-- Name: api_student api_student_high_school_id_163b48c9_fk_api_highschool_id; Type: FK CONSTRAINT; Schema: public; Owner: neharix
--

ALTER TABLE ONLY public.api_student
    ADD CONSTRAINT api_student_high_school_id_163b48c9_fk_api_highschool_id FOREIGN KEY (high_school_id) REFERENCES public.api_highschool(id) DEFERRABLE INITIALLY DEFERRED;


--
-- Name: api_student api_student_nationality_id_7220c1b3_fk_api_nationality_id; Type: FK CONSTRAINT; Schema: public; Owner: neharix
--

ALTER TABLE ONLY public.api_student
    ADD CONSTRAINT api_student_nationality_id_7220c1b3_fk_api_nationality_id FOREIGN KEY (nationality_id) REFERENCES public.api_nationality(id) DEFERRABLE INITIALLY DEFERRED;


--
-- Name: api_student api_student_region_id_0c7a26e1_fk_api_region_id; Type: FK CONSTRAINT; Schema: public; Owner: neharix
--

ALTER TABLE ONLY public.api_student
    ADD CONSTRAINT api_student_region_id_0c7a26e1_fk_api_region_id FOREIGN KEY (region_id) REFERENCES public.api_region(id) DEFERRABLE INITIALLY DEFERRED;


--
-- Name: api_student api_student_specialization_id_91e75e93_fk_api_depar; Type: FK CONSTRAINT; Schema: public; Owner: neharix
--

ALTER TABLE ONLY public.api_student
    ADD CONSTRAINT api_student_specialization_id_91e75e93_fk_api_depar FOREIGN KEY (specialization_id) REFERENCES public.api_departmentspecialization(id) DEFERRABLE INITIALLY DEFERRED;


--
-- Name: api_teacherstatement api_teacherstatement_sender_id_7eed6492_fk_auth_user_id; Type: FK CONSTRAINT; Schema: public; Owner: neharix
--

ALTER TABLE ONLY public.api_teacherstatement
    ADD CONSTRAINT api_teacherstatement_sender_id_7eed6492_fk_auth_user_id FOREIGN KEY (sender_id) REFERENCES public.auth_user(id) DEFERRABLE INITIALLY DEFERRED;


--
-- Name: api_teacherstatement_viewed_by api_teacherstatement_teacherstatement_id_55f4e3af_fk_api_teach; Type: FK CONSTRAINT; Schema: public; Owner: neharix
--

ALTER TABLE ONLY public.api_teacherstatement_viewed_by
    ADD CONSTRAINT api_teacherstatement_teacherstatement_id_55f4e3af_fk_api_teach FOREIGN KEY (teacherstatement_id) REFERENCES public.api_teacherstatement(id) DEFERRABLE INITIALLY DEFERRED;


--
-- Name: api_teacherstatement_viewed_by api_teacherstatement_viewed_by_user_id_05f911e2_fk_auth_user_id; Type: FK CONSTRAINT; Schema: public; Owner: neharix
--

ALTER TABLE ONLY public.api_teacherstatement_viewed_by
    ADD CONSTRAINT api_teacherstatement_viewed_by_user_id_05f911e2_fk_auth_user_id FOREIGN KEY (user_id) REFERENCES public.auth_user(id) DEFERRABLE INITIALLY DEFERRED;


--
-- Name: auth_group_permissions auth_group_permissio_permission_id_84c5c92e_fk_auth_perm; Type: FK CONSTRAINT; Schema: public; Owner: neharix
--

ALTER TABLE ONLY public.auth_group_permissions
    ADD CONSTRAINT auth_group_permissio_permission_id_84c5c92e_fk_auth_perm FOREIGN KEY (permission_id) REFERENCES public.auth_permission(id) DEFERRABLE INITIALLY DEFERRED;


--
-- Name: auth_group_permissions auth_group_permissions_group_id_b120cbf9_fk_auth_group_id; Type: FK CONSTRAINT; Schema: public; Owner: neharix
--

ALTER TABLE ONLY public.auth_group_permissions
    ADD CONSTRAINT auth_group_permissions_group_id_b120cbf9_fk_auth_group_id FOREIGN KEY (group_id) REFERENCES public.auth_group(id) DEFERRABLE INITIALLY DEFERRED;


--
-- Name: auth_permission auth_permission_content_type_id_2f476e4b_fk_django_co; Type: FK CONSTRAINT; Schema: public; Owner: neharix
--

ALTER TABLE ONLY public.auth_permission
    ADD CONSTRAINT auth_permission_content_type_id_2f476e4b_fk_django_co FOREIGN KEY (content_type_id) REFERENCES public.django_content_type(id) DEFERRABLE INITIALLY DEFERRED;


--
-- Name: auth_user_groups auth_user_groups_group_id_97559544_fk_auth_group_id; Type: FK CONSTRAINT; Schema: public; Owner: neharix
--

ALTER TABLE ONLY public.auth_user_groups
    ADD CONSTRAINT auth_user_groups_group_id_97559544_fk_auth_group_id FOREIGN KEY (group_id) REFERENCES public.auth_group(id) DEFERRABLE INITIALLY DEFERRED;


--
-- Name: auth_user_groups auth_user_groups_user_id_6a12ed8b_fk_auth_user_id; Type: FK CONSTRAINT; Schema: public; Owner: neharix
--

ALTER TABLE ONLY public.auth_user_groups
    ADD CONSTRAINT auth_user_groups_user_id_6a12ed8b_fk_auth_user_id FOREIGN KEY (user_id) REFERENCES public.auth_user(id) DEFERRABLE INITIALLY DEFERRED;


--
-- Name: auth_user_user_permissions auth_user_user_permi_permission_id_1fbb5f2c_fk_auth_perm; Type: FK CONSTRAINT; Schema: public; Owner: neharix
--

ALTER TABLE ONLY public.auth_user_user_permissions
    ADD CONSTRAINT auth_user_user_permi_permission_id_1fbb5f2c_fk_auth_perm FOREIGN KEY (permission_id) REFERENCES public.auth_permission(id) DEFERRABLE INITIALLY DEFERRED;


--
-- Name: auth_user_user_permissions auth_user_user_permissions_user_id_a95ead1b_fk_auth_user_id; Type: FK CONSTRAINT; Schema: public; Owner: neharix
--

ALTER TABLE ONLY public.auth_user_user_permissions
    ADD CONSTRAINT auth_user_user_permissions_user_id_a95ead1b_fk_auth_user_id FOREIGN KEY (user_id) REFERENCES public.auth_user(id) DEFERRABLE INITIALLY DEFERRED;


--
-- Name: django_admin_log django_admin_log_content_type_id_c4bce8eb_fk_django_co; Type: FK CONSTRAINT; Schema: public; Owner: neharix
--

ALTER TABLE ONLY public.django_admin_log
    ADD CONSTRAINT django_admin_log_content_type_id_c4bce8eb_fk_django_co FOREIGN KEY (content_type_id) REFERENCES public.django_content_type(id) DEFERRABLE INITIALLY DEFERRED;


--
-- Name: django_admin_log django_admin_log_user_id_c564eba6_fk_auth_user_id; Type: FK CONSTRAINT; Schema: public; Owner: neharix
--

ALTER TABLE ONLY public.django_admin_log
    ADD CONSTRAINT django_admin_log_user_id_c564eba6_fk_auth_user_id FOREIGN KEY (user_id) REFERENCES public.auth_user(id) DEFERRABLE INITIALLY DEFERRED;


--
-- PostgreSQL database dump complete
--

